07ÔÂ18_18:12:43	
x,y,
2094,1923,
2119,1776,
2053,1797,
2087,1790,
2110,1773,
2124,1780,
2132,1802,
2142,1815,
2149,1834,
2158,1840,
2142,1867,
2124,1899,
2106,1923,
2086,1919,
2072,1903,
2068,1880,
2064,1845,
2068,1821,
2083,1793,
2106,1774,
2121,1774,
2130,1801,
2137,1819,
2148,1833,
2160,1837,
2149,1860,
2125,1898,
2105,1918,
2090,1925,
2079,1906,
2068,1884,
2064,1854,
2067,1820,
2083,1793,
2104,1776,
2117,1776,
2131,1796,
2144,1813,
2149,1830,
2158,1838,
2147,1851,
2128,1891,
2112,1916,
2092,1926,
2077,1913,
2070,1889,
2065,1855,
2066,1826,
2074,1801,
2100,1778,
2118,1768,
2131,1792,
2139,1811,
2146,1823,
2154,1836,
2156,1847,
2131,1888,
2112,1918,
2095,1929,
2082,1913,
2068,1895,
2064,1867,
2067,1829,
2074,1804,
2099,1779,
2115,1769,
2125,1789,
2136,1810,
2148,1823,
2153,1839,
2157,1849,
2134,1878,
2113,1912,
2095,1929,
2081,1923,
2073,1898,
2065,1869,
2065,1834,
2070,1808,
2094,1782,
2112,1771,
2130,1781,
2138,1807,
2145,1826,
2156,1837,
2158,1840,
2137,1876,
2116,1913,
2100,1927,
2085,1920,
2075,1901,
2063,1874,
2065,1840,
2069,1808,
2094,1785,
2112,1774,
2123,1782,
2136,1806,
2142,1820,
2150,1833,
2157,1842,
2140,1870,
2123,1907,
2101,1923,
2084,1924,
2072,1904,
2065,1876,
2068,1844,
2072,1815,
2087,1793,
2108,1772,
2123,1776,
2135,1799,
2140,1823,
2150,1834,
2161,1840,
2147,1859,
2122,1897,
2103,1918,
2087,1922,
2076,1908,
2065,1884,
2062,1854,
2067,1818,
2083,1792,
2105,1773,
2121,1779,
2131,1798,
2139,1818,
2148,1829,
2163,1842,
2149,1855,
2122,1893,
2109,1919,
2096,1926,
2077,1914,
2067,1887,
2062,1854,
2068,1821,
2081,1800,
2104,1778,
2122,1775,
2132,1793,
2143,1815,
2146,1828,
2156,1836,
2153,1851,
2133,1888,
2109,1920,
2093,1925,
2078,1911,
2068,1890,
2065,1861,
2067,1831,
2078,1802,
2103,1778,
2120,1773,
2127,1791,
2137,1809,
2148,1827,
2157,1836,
2154,1853,
2131,1881,
2111,1913,
2094,1923,
2084,1916,
2072,1898,
2067,1867,
2064,1833,
2076,1807,
2096,1783,
2117,1769,
2125,1789,
2140,1810,
2145,1826,
2154,1835,
2156,1845,
2135,1875,
2114,1909,
2096,1930,
2085,1925,
2075,1900,
2066,1870,
2064,1840,
2070,1810,
2092,1782,
2115,1770,
2123,1785,
2134,1807,
2145,1821,
2155,1832,
2160,1841,
2140,1874,
2122,1908,
2101,1923,
2086,1919,
2075,1904,
2066,1874,
2065,1845,
2073,1813,
2089,1790,
2112,1769,
2123,1779,
2132,1799,
2142,1817,
2153,1837,
2158,1842,
2146,1865,
2123,1899,
2102,1928,
2085,1925,
2078,1905,
2066,1878,
2064,1851,
2070,1817,
2082,1793,
2107,1770,
2123,1777,
2133,1801,
2144,1817,
2152,1831,
2160,1836,
2150,1862,
2122,1900,
2104,1924,
2092,1923,
2083,1912,
2069,1883,
2063,1850,
2067,1820,
2081,1793,
2105,1777,
2121,1775,
2130,1796,
2140,1810,
2148,1832,
2155,1839,
2147,1856,
2131,1889,
2110,1919,
2094,1924,
2078,1913,
2071,1890,
2068,1856,
2067,1829,
2075,1800,
2104,1775,
2119,1770,
2127,1794,
2139,1809,
2146,1829,
2156,1834,
2160,1852,
2133,1883,
2109,1912,
2093,1924,
2083,1917,
2068,1894,
2064,1865,
2065,1826,
2075,1800,
2097,1780,
2114,1773,
2127,1789,
2138,1808,
2146,1826,
2156,1835,
2154,1844,
2132,1877,
2118,1911,
2100,1928,
2082,1920,
2073,1897,
2064,1867,
2065,1836,
2069,1810,
2094,1784,
2113,1768,
2128,1785,
2137,1808,
2141,1823,
2149,1833,
2161,1842,
2138,1875,
2116,1907,
2099,1925,
2085,1922,
2073,1900,
2065,1875,
2066,1841,
2069,1814,
2091,1785,
2114,1772,
2125,1780,
2133,1803,
2146,1818,
2154,1839,
2160,1844,
2145,1869,
2120,1903,
2099,1924,
2089,1923,
2073,1908,
2067,1878,
2067,1844,
2067,1814,
2085,1788,
2109,1771,
2124,1775,
2133,1803,
2142,1819,
2147,1832,
2158,1837,
2144,1864,
2119,1902,
2104,1924,
2088,1924,
2076,1906,
2068,1881,
2064,1849,
2067,1820,
2085,1790,
2108,1773,
2120,1778,
2132,1794,
2142,1813,
2150,1831,
2156,1841,
2148,1858,
2124,1891,
2107,1916,
2092,1925,
2075,1910,
2063,1886,
2065,1854,
2068,1824,
2077,1798,
2105,1772,
2118,1771,
2129,1794,
2139,1814,
2146,1832,
2158,1836,
2154,1852,
2130,1890,
2110,1914,
2092,1923,
2082,1913,
2071,1891,
2063,1863,
2066,1827,
2075,1801,
2101,1774,
2118,1774,
2128,1793,
2139,1807,
2150,1826,
2157,1836,
2157,1850,
2131,1880,
2114,1915,
2098,1927,
2082,1917,
2070,1893,
2065,1863,
2065,1833,
2074,1806,
2097,1784,
2116,1773,
2125,1788,
2134,1805,
2142,1824,
2155,1832,
2160,1845,
2138,1875,
2114,1912,
2099,1927,
2084,1917,
2073,1899,
2063,1872,
2065,1841,
2075,1812,
2093,1781,
2114,1771,
2123,1783,
2134,1801,
2145,1819,
2154,1835,
2160,1844,
2140,1868,
2118,1904,
2099,1921,
2088,1925,
2076,1904,
2068,1876,
2067,1841,
2072,1813,
2087,1788,
2111,1767,
2126,1783,
2138,1802,
2145,1822,
2152,1833,
2160,1841,
2144,1863,
2122,1903,
2105,1930,
2090,1923,
2078,1908,
2066,1878,
2069,1850,
2071,1814,
2085,1794,
2113,1771,
2123,1779,
2133,1800,
2141,1817,
2150,1828,
2162,1837,
2148,1865,
2126,1899,
2105,1920,
2091,1922,
2078,1915,
2069,1881,
2063,1855,
2070,1820,
2082,1797,
2106,1776,
2122,1773,
2135,1794,
2142,1813,
2147,1833,
2162,1838,
2152,1854,
2128,1890,
2108,1922,
2094,1920,
2079,1916,
2072,1890,
2066,1860,
2068,1826,
2079,1801,
2103,1777,
2122,1771,
2131,1794,
2142,1814,
2150,1832,
2161,1836,
2156,1856,
2131,1888,
2112,1921,
2099,1926,
2082,1920,
2072,1896,
2068,1863,
2068,1829,
2078,1804,
2098,1780,
2120,1776,
2131,1791,
2140,1808,
2147,1827,
2155,1837,
2158,1851,
2137,1879,
2120,1912,
2101,1928,
2084,1918,
2073,1899,
2069,1867,
2065,1839,
2074,1808,
2094,1783,
2117,1767,
2126,1786,
2137,1807,
2142,1827,
2155,1835,
2162,1844,
2139,1874,
2119,1908,
2099,1926,
2088,1920,
2076,1905,
2067,1874,
2068,1841,
2070,1808,
2089,1791,
2111,1774,
2125,1786,
2140,1805,
2148,1825,
2151,1835,
2162,1843,
2141,1868,
2126,1904,
2103,1927,
2088,1924,
2075,1904,
2070,1877,
2064,1849,
2068,1816,
2087,1793,
2113,1773,
2125,1780,
2135,1803,
2145,1816,
2152,1831,
2161,1838,
2150,1867,
2125,1904,
2105,1927,
2093,1922,
2077,1910,
2066,1886,
2067,1853,
2070,1823,
2084,1793,
2107,1775,
2124,1775,
2132,1800,
2147,1814,
2151,1833,
2160,1840,
2155,1860,
2128,1892,
2106,1923,
2089,1928,
2080,1913,
2067,1887,
2068,1855,
2066,1823,
2081,1796,
2103,1777,
2123,1777,
2131,1798,
2142,1815,
2147,1828,
2155,1838,
2151,1853,
2127,1895,
2111,1919,
2095,1928,
2083,1914,
2070,1893,
2064,1859,
2067,1831,
2079,1799,
2099,1780,
2121,1772,
2129,1790,
2138,1808,
2145,1830,
2153,1839,
2158,1852,
2133,1880,
2114,1914,
2098,1929,
2081,1915,
2069,1894,
2068,1865,
2066,1834,
2074,1808,
2095,1779,
2114,1767,
2125,1787,
2134,1809,
2145,1828,
2157,1840,
2159,1844,
2139,1880,
2115,1912,
2100,1924,
2085,1917,
2074,1901,
2064,1874,
2066,1837,
2068,1806,
2092,1784,
2113,1771,
2124,1785,
2139,1807,
2144,1822,
2153,1837,
2155,1843,
2137,1872,
2122,1906,
2102,1924,
2085,1923,
2074,1902,
2065,1873,
2066,1842,
2070,1817,
2087,1791,
2115,1772,
2128,1782,
2136,1805,
2138,1822,
2147,1832,
2159,1840,
2143,1866,
2121,1904,
2102,1923,
2088,1920,
2077,1905,
2068,1880,
2066,1849,
2070,1821,
2084,1791,
2108,1774,
2121,1778,
2132,1799,
2144,1818,
2153,1829,
2156,1840,
2145,1858,
2125,1894,
2104,1920,
2091,1926,
2078,1914,
2068,1887,
2066,1851,
2069,1822,
2081,1796,
2103,1775,
2120,1776,
2135,1797,
2139,1814,
2148,1829,
2157,1840,
2153,1854,
2128,1892,
2110,1922,
2096,1927,
2081,1911,
2070,1888,
2063,1858,
2068,1823,
2079,1803,
2104,1775,
2119,1775,
2128,1790,
2136,1810,
2148,1827,
2158,1838,
2155,1854,
2134,1888,
2114,1916,
2095,1923,
2080,1918,
2071,1892,
2065,1865,
2067,1830,
2076,1806,
2097,1778,
2117,1770,
2125,1787,
2139,1808,
2146,1829,
2159,1837,
2157,1844,
2136,1876,
2114,1916,
2096,1925,
2083,1920,
2073,1895,
2065,1871,
2065,1834,
2070,1808,
2097,1781,
2114,1771,
2128,1789,
2141,1807,
2143,1824,
2156,1835,
2160,1847,
2137,1872,
2119,1910,
2102,1922,
2088,1921,
2074,1901,
2062,1873,
2066,1840,
2072,1811,
2091,1791,
2114,1770,
2123,1781,
2134,1800,
2142,1825,
2149,1836,
2159,1844,
2144,1869,
2121,1908,
2100,1921,
2083,1922,
2076,1904,
2068,1878,
2062,1845,
2071,1815,
2085,1789,
2112,1769,
2121,1781,
2131,1798,
2141,1821,
2153,1832,
2163,1843,
2147,1863,
2120,1903,
2100,1920,
2095,1924,
2075,1913,
2069,1883,
2063,1850,
2070,1816,
2078,1796,
2107,1774,
2122,1778,
2134,1795,
2146,1817,
2150,1830,
2156,1837,
2150,1855,
2129,1892,
2107,1925,
2091,1926,
2081,1913,
2072,1886,
2066,1856,
2068,1821,
2080,1801,
2105,1774,
2122,1775,
2131,1793,
2138,1814,
2145,1828,
2161,1837,
2153,1854,
2130,1892,
2112,1915,
2095,1922,
2081,1917,
2067,1895,
2066,1862,
2071,1827,
2079,1802,
2100,1777,
2121,1770,
2127,1791,
2140,1808,
2146,1830,
2156,1837,
2155,1848,
2133,1881,
2111,1918,
2093,1930,
2084,1920,
2072,1892,
2067,1867,
2066,1832,
2073,1803,
2097,1781,
2119,1768,
2125,1790,
2135,1810,
2148,1827,
2151,1832,
2157,1846,
2133,1881,
2118,1912,
2097,1923,
2089,1918,
2073,1900,
2066,1868,
2064,1838,
2076,1808,
2092,1789,
2115,1773,
2124,1786,
2135,1803,
2142,1826,
2152,1838,
2158,1845,
2138,1870,
2119,1904,
2099,1925,
2084,1922,
2072,1901,
2068,1874,
2064,1845,
2070,1814,
2091,1790,
2109,1768,
2122,1782,
2132,1805,
2143,1822,
2153,1835,
2160,1840,
2146,1865,
2121,1900,
2098,1921,
2090,1922,
2078,1906,
2066,1882,
2064,1848,
2070,1815,
2084,1793,
2107,1775,
2123,1779,
2131,1797,
2142,1819,
2148,1834,
2159,1839,
2146,1857,
2127,1896,
2106,1922,
2091,1927,
2081,1912,
2067,1884,
2065,1854,
2068,1824,
2084,1796,
2108,1778,
2119,1777,
2130,1796,
2138,1814,
2145,1829,
2160,1837,
2152,1856,
2126,1893,
2105,1915,
2091,1924,
2078,1914,
2067,1890,
2065,1859,
2070,1827,
2079,1798,
2102,1776,
2118,1771,
2125,1792,
2140,1809,
2148,1828,
2155,1838,
2152,1848,
2128,1883,
2111,1916,
2094,1930,
2082,1919,
2073,1896,
2065,1866,
2069,1831,
2075,1804,
2094,1778,
2118,1772,
2131,1792,
2136,1813,
2144,1825,
2152,1836,
2158,1842,
2136,1879,
2115,1916,
2099,1923,
2082,1916,
2074,1898,
2063,1870,
2062,1834,
2075,1808,
2097,1781,
2113,1771,
2125,1785,
2134,1806,
2143,1824,
2156,1834,
2157,1847,
2138,1875,
2119,1907,
2103,1929,
2084,1922,
2077,1899,
2067,1872,
2068,1840,
2068,1812,
2089,1786,
2113,1769,
2123,1781,
2134,1804,
2142,1823,
2154,1835,
2156,1840,
2143,1868,
2118,1907,
2098,1925,
2088,1922,
2078,1903,
2063,1879,
2063,1845,
2068,1812,
2088,1788,
2110,1770,
2122,1782,
2134,1799,
2143,1820,
2152,1831,
2158,1840,
2143,1856,
2124,1902,
2107,1923,
2089,1924,
2078,1908,
2067,1881,
2066,1849,
2070,1817,
2083,1796,
2109,1775,
2120,1776,
2134,1795,
2142,1818,
2150,1829,
2157,1839,
2152,1854,
2126,1897,
2108,1919,
2089,1924,
2078,1909,
2068,1886,
2064,1858,
2069,1824,
2078,1796,
2107,1774,
2122,1777,
2130,1793,
2141,1815,
2150,1830,
2156,1842,
2153,1851,
2125,1890,
2109,1915,
2095,1924,
2082,1916,
2070,1890,
2062,1860,
2068,1826,
2074,1802,
2101,1777,
2115,1774,
2131,1790,
2140,1812,
2146,1828,
2151,1834,
2156,1849,
2136,1880,
2111,1916,
2097,1928,
2082,1914,
2071,1888,
2062,1870,
2064,1832,
2072,1805,
2094,1781,
2115,1771,
2127,1787,
2134,1806,
2143,1824,
2156,1831,
2157,1851,
2136,1878,
2116,1913,
2096,1922,
2082,1919,
2073,1901,
2064,1869,
2068,1835,
2075,1809,
2092,1784,
2111,1768,
2122,1782,
2138,1801,
2143,1827,
2152,1838,
2158,1845,
2141,1868,
2116,1908,
2100,1926,
2086,1924,
2077,1904,
2068,1875,
2064,1840,
2068,1812,
2089,1789,
2114,1768,
2124,1782,
2134,1804,
2144,1821,
2155,1830,
2159,1840,
2143,1871,
2120,1903,
2106,1922,
2090,1922,
2076,1904,
2066,1877,
2062,1846,
2072,1813,
2087,1791,
2109,1770,
2123,1781,
2133,1797,
2138,1820,
2148,1834,
2159,1841,
2148,1857,
2125,1898,
2107,1921,
2092,1923,
2075,1907,
2071,1883,
2063,1856,
2067,1823,
2083,1799,
2106,1773,
2118,1778,
2129,1797,
2140,1816,
2150,1832,
2160,1837,
2150,1855,
2127,1888,
2105,1918,
2093,1923,
2079,1916,
2068,1888,
2064,1858,
2067,1824,
2077,1801,
2100,1779,
2119,1774,
2131,1795,
2140,1811,
2145,1829,
2154,1836,
2151,1848,
2133,1883,
2112,1918,
2093,1928,
2079,1919,
2072,1891,
2063,1862,
2066,1833,
2075,1805,
2097,1775,
2116,1772,
2127,1790,
2136,1807,
2146,1828,
2157,1832,
2155,1848,
2131,1879,
2116,1912,
2096,1920,
2080,1919,
2069,1900,
2066,1869,
2065,1836,
2073,1805,
2095,1780,
2112,1769,
2122,1785,
2139,1805,
2145,1826,
2153,1836,
2160,1843,
2138,1870,
2118,1908,
2097,1926,
2085,1924,
2077,1901,
2065,1873,
2068,1843,
2066,1808,
2084,1784,
2113,1767,
2123,1787,
2132,1805,
2146,1825,
2155,1829,
2158,1845,
2141,1867,
2118,1907,
2102,1927,
2089,1922,
2075,1906,
2066,1876,
2060,1843,
2071,1811,
2089,1791,
2109,1772,
2122,1778,
2136,1799,
2144,1818,
2150,1837,
2160,1841,
2147,1864,
2120,1897,
2105,1922,
2086,1923,
2072,1910,
2071,1882,
2068,1851,
2068,1821,
2082,1793,
2107,1771,
2121,1776,
2130,1798,
2143,1819,
2150,1832,
2158,1835,
2150,1854,
2123,1896,
2108,1915,
2093,1924,
2084,1914,
2069,1890,
2065,1856,
2072,1822,
2082,1796,
2104,1777,
2120,1778,
2133,1798,
2139,1816,
2148,1832,
2159,1841,
2151,1854,
2128,1892,
2113,1919,
2093,1929,
2082,1915,
2072,1891,
2065,1860,
2067,1827,
2079,1803,
2105,1779,
2120,1772,
2129,1789,
2136,1813,
2146,1826,
2156,1839,
2161,1851,
2131,1885,
2111,1915,
2099,1925,
2087,1917,
2072,1894,
2065,1869,
2070,1833,
2074,1804,
2097,1780,
2115,1773,
2131,1783,
2137,1807,
2150,1827,
2154,1839,
2159,1846,
2135,1876,
2116,1910,
2097,1926,
2084,1921,
2076,1903,
2067,1872,
2068,1837,
2072,1812,
2092,1784,
2115,1772,
2129,1786,
2136,1810,
2144,1824,
2154,1834,
2159,1840,
2142,1870,
2119,1914,
2104,1923,
2083,1920,
2079,1903,
2065,1881,
2067,1842,
2070,1813,
2092,1788,
2112,1770,
2123,1779,
2132,1803,
2142,1817,
2153,1831,
2159,1848,
2143,1866,
2122,1898,
2107,1922,
2084,1927,
2075,1904,
2066,1879,
2068,1846,
2069,1818,
2084,1792,
2109,1772,
2125,1777,
2133,1797,
2139,1823,
2150,1834,
2160,1841,
2150,1857,
2123,1902,
2107,1923,
2089,1928,
2083,1911,
2069,1885,
2066,1853,
2067,1820,
2080,1794,
2108,1773,
2120,1780,
2133,1797,
2140,1816,
2150,1830,
2159,1841,
2151,1857,
2127,1895,
2113,1919,
2092,1929,
2079,1913,
2070,1888,
2067,1858,
2068,1823,
2076,1801,
2103,1780,
2123,1776,
2133,1792,
2138,1817,
2147,1828,
2159,1839,
2161,1853,
2135,1888,
2112,1916,
2095,1927,
2085,1917,
2072,1892,
2066,1868,
2067,1833,
2079,1807,
2098,1776,
2118,1774,
2127,1791,
2139,1814,
2150,1828,
2160,1834,
2159,1847,
2134,1879,
2114,1915,
2102,1924,
2083,1918,
2072,1898,
2065,1872,
2067,1832,
2072,1809,
2098,1780,
2116,1771,
2129,1785,
2137,1808,
2146,1826,
2156,1834,
2158,1844,
2140,1873,
2115,1913,
2100,1927,
2085,1925,
2073,1899,
2066,1878,
2063,1842,
2072,1812,
2092,1787,
2115,1772,
2126,1784,
2134,1801,
2145,1818,
2155,1831,
2161,1842,
2140,1873,
2123,1908,
2104,1923,
2084,1926,
2074,1907,
2067,1879,
2068,1847,
2071,1816,
2087,1793,
2108,1769,
2123,1778,
2137,1797,
2142,1824,
2151,1833,
2158,1846,
2148,1859,
2124,1900,
2100,1926,
2086,1922,
2078,1909,
2069,1882,
2067,1849,
2068,1817,
2078,1793,
2108,1770,
2123,1778,
2133,1800,
2138,1818,
2151,1830,
2158,1840,
2150,1859,
2126,1894,
2107,1919,
2092,1925,
2078,1909,
2064,1887,
2064,1854,
2070,1821,
2080,1802,
2105,1776,
2120,1774,
2131,1790,
2139,1813,
2146,1830,
2159,1842,
2156,1852,
2127,1890,
2109,1918,
2091,1926,
2076,1912,
2070,1888,
2067,1862,
2066,1830,
2075,1803,
2100,1773,
2117,1774,
2126,1794,
2139,1811,
2148,1830,
2157,1834,
2157,1849,
2128,1884,
2110,1913,
2094,1924,
2085,1920,
2071,1897,
2066,1868,
2067,1830,
2072,1805,
2097,1783,
2118,1774,
2128,1788,
2135,1804,
2146,1825,
2152,1836,
2157,1839,
2139,1876,
2118,1911,
2097,1928,
2082,1917,
2072,1895,
2069,1872,
2066,1838,
2071,1810,
2091,1784,
2112,1768,
2127,1785,
2135,1804,
2141,1820,
2153,1834,
2162,1844,
2140,1874,
2118,1905,
2102,1923,
2085,1921,
2076,1903,
2065,1879,
2065,1843,
2070,1812,
2088,1786,
2110,1771,
2124,1781,
2137,1800,
2146,1818,
2155,1835,
2161,1843,
2146,1865,
2123,1900,
2103,1921,
2087,1926,
2079,1907,
2067,1879,
2069,1850,
2067,1817,
2082,1792,
2109,1771,
2123,1779,
2133,1800,
2141,1818,
2148,1835,
2159,1837,
2147,1865,
2123,1900,
2108,1923,
2089,1922,
2080,1909,
2066,1884,
2066,1848,
2068,1821,
2083,1797,
2107,1775,
2120,1772,
2129,1796,
2141,1811,
2148,1831,
2156,1840,
2151,1856,
2129,1890,
2110,1920,
2092,1926,
2081,1908,
2067,1888,
2068,1859,
2069,1825,
2079,1800,
2102,1775,
2118,1768,
2131,1790,
2139,1816,
2148,1828,
2155,1837,
2159,1850,
2130,1891,
2110,1916,
2094,1926,
2083,1915,
2073,1895,
2066,1863,
2066,1830,
2076,1801,
2101,1777,
2116,1776,
2128,1790,
2136,1807,
2148,1825,
2154,1839,
2156,1845,
2134,1884,
2118,1912,
2101,1930,
2085,1916,
2073,1895,
2066,1868,
2067,1834,
2071,1810,
2095,1783,
2116,1775,
2127,1783,
2135,1811,
2144,1823,
2155,1837,
2163,1845,
2139,1877,
2117,1910,
2098,1925,
2086,1918,
2076,1899,
2063,1876,
2066,1841,
2072,1812,
2094,1785,
2112,1773,
2127,1782,
2134,1805,
2149,1822,
2155,1834,
2157,1845,
2142,1869,
2121,1905,
2105,1922,
2088,1928,
2076,1906,
2070,1880,
2067,1844,
2070,1818,
2087,1790,
2112,1772,
2124,1779,
2133,1803,
2144,1819,
2147,1832,
2157,1837,
2148,1861,
2123,1905,
2105,1922,
2091,1928,
2080,1908,
2065,1884,
2068,1848,
2069,1820,
2085,1793,
2109,1775,
2121,1776,
2131,1797,
2139,1815,
2148,1830,
2156,1842,
2148,1859,
2129,1896,
2109,1920,
2092,1927,
2075,1914,
2070,1888,
2064,1858,
2068,1823,
2080,1799,
2103,1772,
2118,1775,
2132,1792,
2136,1816,
2145,1834,
2160,1839,
2153,1852,
2127,1889,
2105,1921,
2090,1929,
2085,1913,
2070,1892,
2063,1863,
2066,1825,
2075,1800,
2102,1774,
2116,1775,
2130,1791,
2136,1809,
2147,1826,
2155,1839,
2153,1852,
2131,1882,
2116,1917,
2097,1927,
2080,1917,
2068,1892,
2062,1862,
2067,1830,
2074,1807,
2095,1783,
2118,1773,
2127,1785,
2136,1809,
2143,1829,
2157,1834,
2157,1845,
2136,1877,
2113,1911,
2095,1925,
2086,1921,
2074,1897,
2065,1873,
2067,1840,
2072,1808,
2096,1780,
2115,1773,
2122,1787,
2138,1804,
2142,1823,
2154,1834,
2161,1848,
2139,1870,
2116,1909,
2100,1924,
2085,1922,
2075,1905,
2065,1874,
2068,1841,
2072,1814,
2092,1788,
2113,1773,
2127,1782,
2135,1805,
2143,1822,
2148,1833,
2157,1841,
2147,1864,
2122,1903,
2103,1927,
2088,1927,
2078,1902,
2068,1881,
2063,1850,
2071,1817,
2086,1792,
2109,1771,
2122,1778,
2130,1798,
2141,1816,
2149,1828,
2158,1836,
2146,1860,
2123,1897,
2108,1921,
2093,1928,
2078,1911,
2067,1885,
2067,1853,
2069,1819,
2084,1797,
2105,1774,
2121,1772,
2130,1795,
2142,1814,
2149,1832,
2157,1838,
2153,1854,
2127,1894,
2106,1921,
2093,1925,
2081,1915,
2070,1885,
2065,1857,
2066,1825,
2075,1801,
2105,1775,
2123,1772,
2130,1794,
2142,1815,
2151,1827,
2156,1836,
2153,1852,
2129,1889,
2113,1915,
2096,1927,
2082,1915,
2070,1892,
2063,1862,
2065,1830,
2078,1804,
2099,1783,
2118,1774,
2128,1788,
2139,1806,
2144,1827,
2155,1836,
2159,1850,
2139,1882,
2116,1920,
2095,1929,
2085,1914,
2071,1898,
2068,1869,
2066,1837,
2075,1809,
2094,1781,
2117,1766,
2123,1790,
2137,1809,
2147,1827,
2153,1833,
2158,1841,
2138,1878,
2117,1906,
2099,1924,
2089,1920,
2076,1903,
2066,1874,
2067,1840,
2071,1807,
2089,1785,
2112,1774,
2126,1784,
2134,1803,
2144,1823,
2152,1836,
2161,1838,
2142,1866,
2123,1905,
2105,1926,
2087,1921,
2075,1903,
2067,1876,
2066,1846,
2069,1818,
2087,1791,
2107,1770,
2125,1779,
2132,1803,
2142,1818,
2152,1834,
2162,1841,
2145,1866,
2123,1905,
2102,1922,
2092,1923,
2077,1907,
2065,1886,
2065,1853,
2068,1816,
2084,1792,
2108,1775,
2123,1775,
2132,1800,
2144,1816,
2151,1834,
2158,1836,
2148,1858,
2127,1892,
2105,1919,
2088,1926,
2078,1911,
2068,1883,
2067,1854,
2067,1827,
2081,1799,
2103,1777,
2123,1773,
2132,1797,
2141,1813,
2146,1829,
2158,1835,
2153,1851,
2127,1895,
2109,1919,
2097,1926,
2084,1912,
2069,1893,
2063,1859,
2069,1829,
2081,1800,
2102,1780,
2117,1773,
2128,1791,
2136,1807,
2147,1827,
2155,1843,
2158,1849,
2137,1886,
2114,1912,
2096,1929,
2081,1915,
2071,1896,
2068,1864,
2068,1834,
2074,1805,
2096,1780,
2115,1771,
2126,1788,
2136,1811,
2144,1830,
2157,1838,
2163,1845,
2137,1877,
2114,1910,
2097,1926,
2088,1919,
2076,1898,
2064,1870,
2065,1837,
2071,1807,
2093,1784,
2114,1775,
2127,1788,
2141,1806,
2145,1821,
2153,1837,
2156,1847,
2139,1876,
2123,1906,
2104,1925,
2087,1923,
2074,1903,
2064,1873,
2067,1842,
2069,1817,
2092,1791,
2108,1771,
2127,1780,
2133,1806,
2145,1819,
2151,1836,
2164,1840,
2146,1867,
2124,1903,
2103,1922,
2086,1922,
2075,1908,
2066,1885,
2067,1851,
2071,1817,
2088,1790,
2109,1774,
2122,1779,
2134,1799,
2142,1816,
2152,1833,
2161,1841,
2147,1858,
2120,1894,
2105,1919,
2089,1930,
2079,1911,
2071,1888,
2067,1851,
2070,1822,
2082,1796,
2105,1774,
2122,1774,
2131,1801,
2141,1814,
2146,1829,
2157,1836,
2152,1856,
2129,1890,
2107,1921,
2095,1927,
2080,1912,
2071,1891,
2064,1858,
2067,1823,
2079,1797,
2105,1777,
2120,1776,
2128,1794,
2139,1812,
2151,1826,
2161,1837,
2156,1853,
2132,1892,
2112,1914,
2095,1929,
2079,1918,
2070,1891,
2066,1861,
2067,1829,
2073,1804,
2096,1778,
2114,1772,
2129,1789,
2140,1814,
2144,1828,
2159,1839,
2159,1845,
2134,1880,
2113,1913,
2098,1923,
2084,1919,
2073,1895,
2064,1869,
2064,1836,
2071,1809,
2095,1781,
2116,1773,
2125,1789,
2139,1808,
2150,1824,
2156,1838,
2158,1848,
2136,1873,
2118,1908,
2103,1927,
2085,1922,
2071,1901,
2062,1872,
2067,1836,
2073,1810,
2092,1787,
2113,1771,
2129,1785,
2141,1804,
2143,1822,
2154,1834,
2159,1840,
2145,1868,
2119,1907,
2102,1924,
2085,1921,
2077,1904,
2066,1880,
2065,1848,
2071,1818,
2091,1789,
2112,1770,
2124,1783,
2136,1798,
2143,1819,
2152,1832,
2161,1841,
2145,1860,
2122,1900,
2109,1924,
2092,1923,
2078,1913,
2068,1883,
2067,1849,
2071,1818,
2085,1794,
2110,1773,
2123,1779,
2134,1798,
2142,1818,
2151,1833,
2155,1840,
2151,1857,
2129,1897,
2105,1923,
2095,1927,
2080,1911,
2068,1884,
2064,1858,
2068,1826,
2080,1801,
2108,1776,
2124,1776,
2133,1795,
2135,1817,
2148,1829,
2161,1838,
2154,1858,
2132,1892,
2110,1916,
2096,1924,
2082,1918,
2070,1892,
2065,1865,
2067,1828,
2080,1806,
2102,1778,
2121,1771,
2130,1794,
2142,1810,
2147,1833,
2155,1839,
2156,1850,
2133,1883,
2114,1917,
2097,1928,
2081,1920,
2078,1899,
2064,1867,
2066,1831,
2071,1807,
2096,1780,
2118,1774,
2128,1791,
2139,1810,
2144,1824,
2155,1832,
2158,1849,
2135,1880,
2114,1914,
2098,1922,
2086,1922,
2073,1898,
2068,1868,
2068,1838,
2075,1808,
2093,1787,
2115,1773,
2126,1784,
2136,1802,
2143,1826,
2154,1837,
2158,1843,
2140,1870,
2123,1908,
2101,1930,
2087,1921,
2076,1902,
2071,1874,
2066,1845,
2071,1814,
2087,1787,
2113,1770,
2124,1781,
2133,1804,
2144,1823,
2156,1836,
2163,1842,
2144,1869,
2122,1899,
2102,1925,
2093,1922,
2079,1908,
2066,1881,
2068,1849,
2072,1814,
2084,1796,
2107,1774,
2124,1780,
2138,1804,
2146,1817,
2150,1834,
2163,1841,
2148,1864,
2127,1896,
2106,1926,
2091,1927,
2077,1910,
2068,1882,
2063,1852,
2066,1825,
2083,1802,
2106,1775,
2125,1776,
2132,1798,
2142,1817,
2148,1835,
2163,1839,
2157,1858,
2126,1895,
2110,1917,
2096,1924,
2079,1916,
2070,1892,
2068,1860,
2067,1826,
2080,1799,
2106,1778,
2116,1774,
2132,1798,
2145,1811,
2147,1831,
2156,1840,
2155,1854,
2129,1885,
2110,1918,
2091,1929,
2082,1920,
2070,1891,
2067,1862,
2065,1832,
2077,1800,
2097,1780,
2121,1770,
2130,1792,
2138,1810,
2144,1826,
2156,1834,
2156,1847,
2133,1887,
2114,1916,
2099,1929,
2087,1914,
2069,1897,
2064,1867,
2066,1834,
2078,1807,
2093,1785,
2116,1774,
2127,1785,
2134,1805,
2144,1829,
2155,1839,
2159,1846,
2136,1878,
2120,1906,
2103,1930,
2084,1922,
2074,1902,
2069,1873,
2069,1842,
2072,1812,
2093,1788,
2112,1770,
2127,1781,
2135,1806,
2146,1825,
2153,1836,
2160,1843,
2141,1872,
2116,1907,
2098,1924,
2089,1922,
2077,1905,
2066,1879,
2065,1844,
2070,1813,
2088,1787,
2110,1776,
2120,1780,
2131,1803,
2143,1816,
2153,1830,
2159,1843,
2144,1865,
2126,1899,
2108,1922,
2086,1925,
2076,1910,
2066,1881,
2065,1850,
2069,1820,
2086,1795,
2109,1776,
2122,1774,
2133,1798,
2138,1817,
2144,1831,
2161,1839,
2152,1858,
2123,1899,
2105,1921,
2094,1923,
2076,1911,
2070,1889,
2066,1857,
2072,1825,
2082,1799,
2104,1774,
2122,1772,
2131,1791,
2142,1812,
2151,1831,
2155,1838,
2153,1852,
2124,1888,
2110,1914,
2095,1927,
2083,1917,
2073,1894,
2062,1857,
2069,1829,
2079,1802,
2099,1775,
2119,1772,
2129,1791,
2140,1814,
2151,1831,
2157,1839,
2153,1849,
2135,1886,
2112,1919,
2100,1925,
2086,1918,
2073,1894,
2062,1864,
2063,1832,
2076,1805,
2099,1785,
2114,1772,
2126,1787,
2136,1810,
2146,1825,
2154,1835,
2157,1850,
2138,1879,
2117,1910,
2101,1924,
2086,1923,
2074,1898,
2066,1871,
2068,1839,
2071,1809,
2091,1783,
2116,1773,
2127,1782,
2138,1802,
2146,1826,
2157,1838,
2161,1843,
2141,1871,
2119,1909,
2102,1922,
2088,1922,
2076,1903,
2068,1876,
2066,1841,
2071,1813,
2089,1786,
2113,1772,
2125,1785,
2138,1804,
2145,1822,
2153,1831,
2161,1841,
2144,1865,
2121,1906,
2106,1924,
2088,1925,
2077,1905,
2065,1877,
2066,1844,
2071,1817,
2085,1793,
2112,1773,
2123,1778,
2133,1798,
2143,1819,
2148,1834,
2160,1842,
2150,1860,
2123,1902,
2104,1921,
2087,1923,
2077,1910,
2071,1882,
2065,1855,
2071,1822,
2083,1798,
2109,1772,
2123,1779,
2129,1794,
2141,1820,
2155,1833,
2162,1837,
2153,1856,
2125,1892,
2111,1918,
2095,1927,
2081,1917,
2071,1891,
2063,1858,
2070,1823,
2078,1804,
2104,1776,
2117,1775,
2134,1794,
2143,1813,
2148,1829,
2156,1835,
2153,1852,
2133,1885,
2110,1923,
2096,1928,
2081,1918,
2073,1891,
2066,1866,
2068,1832,
2077,1804,
2105,1779,
2119,1774,
2129,1790,
2141,1808,
2147,1828,
2162,1835,
2157,1852,
2133,1884,
2116,1915,
2100,1925,
2084,1922,
2071,1899,
2067,1869,
2070,1835,
2074,1807,
2097,1786,
2114,1771,
2124,1783,
2139,1807,
2141,1828,
2156,1838,
2161,1847,
2138,1871,
2116,1913,
2101,1925,
2086,1923,
2077,1900,
2068,1875,
2066,1839,
2071,1809,
2090,1786,
2117,1769,
2125,1785,
2135,1805,
2146,1822,
2152,1831,
2159,1848,
2143,1872,
2121,1910,
2100,1924,
2089,1921,
2077,1904,
2065,1877,
2064,1844,
2073,1811,
2084,1793,
2111,1773,
2124,1780,
2135,1799,
2140,1823,
2149,1839,
2157,1842,
2148,1862,
2127,1901,
2106,1926,
2089,1922,
2080,1909,
2069,1879,
2064,1853,
2070,1821,
2081,1793,
2108,1771,
2122,1779,
2131,1800,
2142,1818,
2148,1832,
2160,1837,
2147,1858,
2126,1893,
2104,1920,
2096,1924,
2078,1914,
2069,1887,
2065,1856,
2069,1822,
2078,1800,
2103,1778,
2122,1776,
2131,1794,
2143,1813,
2149,1830,
2156,1839,
2151,1852,
2131,1887,
2109,1921,
2092,1927,
2080,1917,
2070,1885,
2062,1863,
2067,1829,
2077,1803,
2101,1777,
2118,1772,
2130,1792,
2136,1810,
2149,1832,
2159,1835,
2153,1854,
2133,1889,
2115,1916,
2096,1924,
2081,1919,
2069,1897,
2066,1867,
2067,1833,
2076,1805,
2096,1780,
2115,1771,
2126,1789,
2141,1806,
2146,1830,
2156,1839,
2161,1848,
2138,1877,
2117,1913,
2096,1928,
2086,1917,
2075,1899,
2067,1873,
2066,1835,
2071,1808,
2089,1785,
2118,1769,
2129,1784,
2136,1807,
2143,1827,
2154,1834,
2161,1844,
2138,1876,
2117,1910,
2102,1926,
2085,1920,
2078,1905,
2067,1876,
2062,1841,
2072,1812,
2091,1788,
2111,1771,
2123,1784,
2135,1799,
2143,1819,
2153,1835,
2162,1841,
2146,1866,
2123,1902,
2103,1923,
2084,1924,
2074,1906,
2069,1876,
2068,1850,
2070,1817,
2088,1792,
2113,1771,
2125,1778,
2132,1802,
2145,1819,
2151,1834,
2161,1840,
2150,1861,
2124,1900,
2101,1922,
2093,1922,
2081,1911,
2069,1887,
2069,1856,
2071,1820,
2082,1795,
2107,1774,
2121,1778,
2132,1797,
2141,1814,
2150,1832,
2158,1840,
2147,1856,
2128,1889,
2113,1918,
2093,1928,
2082,1913,
2074,1889,
2064,1856,
2068,1826,
2080,1799,
2103,1777,
2119,1772,
2133,1794,
2139,1814,
2151,1825,
2156,1835,
2157,1853,
2132,1891,
2115,1919,
2098,1926,
2082,1915,
2069,1892,
2064,1864,
2069,1834,
2079,1805,
2099,1781,
2116,1772,
2126,1788,
2137,1808,
2151,1828,
2155,1841,
2157,1850,
2134,1879,
2114,1909,
2097,1927,
2084,1922,
2074,1897,
2063,1872,
2068,1833,
2071,1807,
2094,1779,
2114,1771,
2130,1787,
2136,1807,
2146,1824,
2154,1836,
2159,1844,
2139,1877,
2115,1912,
2100,1929,
2084,1917,
2077,1902,
2065,1875,
2064,1837,
2071,1808,
2096,1787,
2114,1774,
2127,1783,
2135,1804,
2146,1822,
2155,1836,
2160,1844,
2144,1872,
2122,1906,
2107,1926,
2086,1924,
2076,1903,
2065,1877,
2070,1846,
2073,1818,
2088,1790,
2110,1772,
2125,1778,
2132,1802,
2143,1822,
2153,1836,
2155,1841,
2149,1867,
2122,1903,
2103,1922,
2087,1924,
2081,1909,
2070,1884,
2067,1851,
2068,1819,
2086,1792,
2110,1773,
2119,1781,
2132,1798,
2143,1818,
2153,1835,
2159,1843,
2153,1855,
2122,1897,
2114,1921,
2091,1927,
2081,1913,
2067,1886,
2067,1850,
2070,1823,
2080,1801,
2107,1776,
2119,1770,
2134,1794,
2139,1817,
2147,1826,
2158,1842,
2160,1853,
2132,1891,
2111,1921,
2093,1927,
2079,1910,
2070,1892,
2062,1861,
2069,1830,
2080,1803,
2106,1777,
2119,1775,
2129,1789,
2140,1815,
2151,1827,
2158,1839,
2153,1849,
2130,1883,
2112,1912,
2097,1926,
2079,1922,
2071,1895,
2063,1864,
2071,1830,
2075,1806,
2097,1779,
2115,1772,
2130,1786,
2137,1811,
2146,1827,
2153,1834,
2159,1844,
2135,1880,
2113,1919,
2100,1928,
2087,1926,
2076,1897,
2064,1871,
2065,1840,
2075,1812,
2097,1783,
2117,1772,
2125,1786,
2139,1806,
2142,1820,
2152,1838,
2156,1848,
2140,1875,
2118,1912,
2104,1925,
2087,1923,
2074,1902,
2067,1875,
2072,1843,
2071,1815,
2089,1788,
2113,1770,
2124,1778,
2134,1803,
2138,1821,
2153,1835,
2160,1840,
2144,1862,
2120,1904,
2102,1924,
2084,1924,
2079,1907,
2068,1881,
2064,1848,
2067,1817,
2082,1789,
2109,1774,
2121,1782,
2135,1801,
2144,1818,
2155,1830,
2159,1843,
2144,1861,
2123,1901,
2108,1923,
2089,1925,
2078,1910,
2070,1886,
2065,1852,
2068,1820,
2080,1799,
2106,1775,
2121,1778,
2134,1795,
2143,1818,
2149,1830,
2156,1839,
2156,1854,
2130,1893,
2108,1923,
2092,1925,
2078,1909,
2071,1887,
2063,1859,
2071,1827,
2081,1804,
2105,1777,
2121,1774,
2129,1790,
2135,1814,
2146,1830,
2156,1837,
2153,1854,
2131,1889,
2110,1914,
2096,1925,
2082,1918,
2073,1894,
2070,1866,
2069,1828,
2078,1802,
2098,1776,
2116,1772,
2131,1789,
2138,1811,
2146,1829,
2156,1839,
2156,1847,
2131,1880,
2113,1916,
2098,1929,
2084,1921,
2074,1895,
2067,1870,
2063,1834,
2072,1804,
2097,1781,
2117,1771,
2127,1789,
2135,1806,
2143,1823,
2154,1834,
2160,1846,
2137,1879,
2121,1910,
2100,1924,
2086,1923,
2073,1899,
2066,1869,
2068,1838,
2074,1810,
2092,1789,
2112,1769,
2123,1782,
2136,1801,
2143,1822,
2152,1834,
2161,1845,
2140,1870,
2118,1905,
2097,1924,
2084,1921,
2077,1903,
2069,1877,
2067,1846,
2069,1815,
2086,1788,
2110,1772,
2125,1780,
2136,1804,
2146,1822,
2152,1831,
2164,1842,
2145,1868,
2121,1905,
2109,1923,
2089,1924,
2075,1908,
2068,1883,
2062,1851,
2070,1817,
2082,1796,
2107,1775,
2121,1777,
2134,1793,
2142,1815,
2149,1834,
2159,1835,
2149,1858,
2129,1894,
2107,1926,
2089,1925,
2080,1907,
2066,1882,
2065,1853,
2068,1825,
2079,1798,
2106,1773,
2119,1772,
2130,1795,
2139,1812,
2150,1827,
2161,1841,
2152,1855,
2127,1891,
2111,1917,
2096,1922,
2081,1915,
2068,1891,
2068,1861,
2067,1826,
2076,1799,
2102,1778,
2116,1772,
2128,1792,
2140,1810,
2144,1828,
2156,1837,
2150,1847,
2132,1882,
2113,1914,
2094,1930,
2082,1919,
2074,1895,
2065,1862,
2067,1832,
2071,1803,
2097,1782,
2113,1768,
2126,1789,
2135,1805,
2142,1825,
2153,1835,
2160,1843,
2133,1881,
2113,1909,
2096,1923,
2090,1919,
2072,1899,
2067,1868,
2065,1838,
2075,1808,
2093,1784,
2115,1769,
2122,1783,
2136,1804,
2145,1821,
2153,1839,
2159,1845,
2142,1872,
2120,1905,
2101,1927,
2085,1920,
2071,1903,
2070,1873,
2065,1843,
2073,1810,
2086,1786,
2111,1770,
2124,1780,
2134,1808,
2145,1819,
2153,1838,
2159,1835,
2142,1868,
2122,1902,
2102,1927,
2091,1922,
2079,1907,
2066,1879,
2066,1845,
2070,1816,
2087,1792,
2107,1771,
2123,1778,
2136,1798,
2143,1815,
2148,1836,
2157,1840,
2144,1862,
2126,1898,
2106,1921,
2089,1925,
2076,1908,
2068,1880,
2064,1851,
2063,1822,
2082,1797,
2104,1770,
2124,1774,
2130,1796,
2141,1815,
2147,1833,
2160,1838,
2153,1854,
2129,1892,
2107,1919,
2093,1922,
2081,1910,
2067,1888,
2063,1857,
2068,1828,
2082,1797,
2102,1778,
2120,1772,
2131,1795,
2143,1812,
2149,1828,
2157,1835,
2154,1851,
2129,1886,
2111,1917,
2092,1929,
2082,1915,
2069,1895,
2067,1861,
2067,1830,
2077,1803,
2098,1780,
2120,1770,
2130,1791,
2138,1809,
2147,1826,
2156,1834,
2156,1847,
2133,1887,
2113,1918,
2099,1928,
2082,1916,
2072,1898,
2062,1872,
2067,1837,
2077,1807,
2099,1782,
2117,1772,
2122,1786,
2139,1806,
2145,1822,
2152,1837,
2157,1847,
2134,1874,
2120,1910,
2098,1927,
2083,1922,
2072,1899,
2068,1873,
2067,1841,
2071,1810,
2091,1784,
2113,1769,
2127,1781,
2134,1805,
2144,1824,
2152,1840,
2161,1841,
2139,1872,
2116,1908,
2102,1929,
2088,1925,
2075,1902,
2067,1877,
2066,1843,
2068,1812,
2087,1785,
2109,1775,
2124,1783,
2136,1804,
2143,1817,
2150,1835,
2158,1841,
2147,1865,
2123,1903,
2103,1926,
2090,1925,
2075,1906,
2063,1878,
2067,1847,
2070,1820,
2084,1794,
2112,1773,
2124,1775,
2131,1800,
2139,1817,
2150,1833,
2159,1836,
2149,1858,
2125,1899,
2103,1919,
2089,1925,
2084,1908,
2069,1888,
2064,1857,
2071,1824,
2080,1795,
2106,1778,
2116,1776,
2131,1793,
2143,1812,
2148,1830,
2161,1840,
2148,1853,
2125,1889,
2114,1916,
2096,1927,
2079,1916,
2071,1895,
2067,1858,
2068,1827,
2079,1802,
2102,1780,
2118,1770,
2129,1789,
2138,1812,
2145,1827,
2153,1836,
2157,1844,
2134,1888,
2107,1915,
2099,1927,
2082,1914,
2074,1895,
2063,1866,
2067,1830,
2075,1804,
2098,1777,
2114,1773,
2127,1785,
2140,1809,
2145,1824,
2161,1835,
2158,1849,
2138,1883,
2121,1913,
2099,1925,
2085,1921,
2077,1900,
2063,1870,
2068,1833,
2074,1809,
2094,1784,
2110,1771,
2126,1782,
2141,1803,
2146,1826,
2155,1834,
2157,1842,
2143,1873,
2117,1910,
2100,1924,
2087,1921,
2078,1903,
2067,1876,
2065,1842,
2071,1812,
2093,1786,
2116,1773,
2124,1785,
2136,1806,
2147,1821,
2152,1833,
2159,1847,
2142,1866,
2124,1904,
2107,1927,
2086,1923,
2076,1906,
2063,1878,
2068,1847,
2072,1816,
2086,1794,
2112,1774,
2123,1777,
2134,1797,
2138,1821,
2150,1833,
2160,1840,
2147,1858,
2123,1901,
2104,1922,
2084,1927,
2077,1912,
2071,1884,
2063,1853,
2071,1821,
2081,1794,
2109,1771,
2122,1777,
2131,1796,
2141,1817,
2148,1832,
2160,1840,
2150,1856,
2120,1894,
2107,1917,
2096,1926,
2079,1916,
2071,1887,
2065,1858,
2067,1823,
2078,1798,
2101,1778,
2118,1776,
2130,1791,
2140,1811,
2144,1830,
2155,1839,
2152,1851,
2133,1886,
2112,1921,
2096,1928,
2083,1916,
2072,1889,
2063,1863,
2068,1830,
2078,1805,
2101,1777,
2120,1772,
2128,1792,
2139,1811,
2145,1825,
2160,1837,
2158,1854,
2133,1881,
2113,1914,
2099,1924,
2083,1918,
2071,1897,
2064,1869,
2068,1832,
2077,1809,
2097,1782,
2118,1767,
2126,1788,
2141,1807,
2142,1828,
2155,1837,
2157,1845,
2140,1877,
2117,1909,
2099,1927,
2084,1920,
2077,1900,
2069,1871,
2066,1842,
2073,1805,
2093,1786,
2118,1771,
2123,1783,
2136,1806,
2144,1824,
2152,1829,
2157,1845,
2144,1867,
2121,1908,
2105,1926,
2091,1925,
2077,1905,
2065,1874,
2065,1846,
2073,1813,
2087,1792,
2111,1773,
2125,1779,
2134,1799,
2139,1822,
2148,1835,
2161,1844,
2146,1863,
2127,1902,
2104,1925,
2091,1921,
2077,1908,
2068,1877,
2063,1852,
2071,1819,
2085,1795,
2109,1770,
2119,1779,
2132,1803,
2143,1818,
2151,1835,
2160,1839,
2147,1860,
2124,1895,
2105,1919,
2098,1924,
2082,1913,
2069,1888,
2062,1859,
2070,1820,
2081,1800,
2104,1778,
2122,1778,
2132,1798,
2144,1816,
2151,1832,
2161,1840,
2154,1856,
2133,1889,
2108,1924,
2093,1925,
2080,1914,
2070,1888,
2063,1863,
2065,1829,
2080,1802,
2105,1781,
2122,1772,
2130,1793,
2140,1811,
2144,1831,
2159,1836,
2154,1854,
2133,1888,
2114,1917,
2095,1926,
2084,1917,
2072,1897,
2065,1868,
2067,1832,
2078,1805,
2099,1780,
2115,1774,
2126,1792,
2140,1808,
2145,1829,
2157,1838,
2156,1847,
2136,1877,
2114,1915,
2098,1932,
2085,1922,
2079,1900,
2064,1869,
2066,1838,
2073,1807,
2093,1787,
2118,1769,
2127,1787,
2138,1809,
2144,1822,
2156,1836,
2162,1845,
2139,1878,
2119,1912,
2105,1931,
2090,1922,
2077,1904,
2064,1875,
2063,1841,
2074,1813,
2091,1789,
2112,1773,
2124,1781,
2134,1802,
2143,1821,
2153,1839,
2161,1845,
2147,1873,
2122,1904,
2104,1927,
2089,1924,
2077,1905,
2072,1877,
2065,1852,
2072,1819,
2086,1790,
2112,1768,
2125,1781,
2134,1804,
2144,1821,
2152,1835,
2161,1840,
2147,1867,
2122,1904,
2103,1923,
2095,1924,
2079,1910,
2068,1884,
2066,1856,
2070,1821,
2083,1796,
2108,1775,
2125,1782,
2131,1798,
2142,1816,
2150,1834,
2156,1839,
2145,1857,
2127,1890,
2113,1919,
2091,1928,
2081,1913,
2070,1886,
2066,1857,
2068,1827,
2082,1803,
2105,1778,
2119,1773,
2132,1796,
2139,1814,
2149,1830,
2163,1838,
2160,1853,
2130,1892,
2112,1918,
2096,1924,
2085,1918,
2071,1894,
2069,1865,
2070,1831,
2079,1803,
2102,1778,
2118,1774,
2129,1793,
2141,1809,
2150,1828,
2156,1839,
2160,1849,
2133,1883,
2117,1914,
2098,1929,
2088,1920,
2076,1899,
2066,1869,
2071,1836,
2073,1810,
2096,1781,
2117,1772,
2131,1787,
2141,1811,
2148,1825,
2157,1837,
2159,1845,
2139,1879,
2117,1914,
2103,1929,
2085,1919,
2078,1899,
2065,1872,
2064,1836,
2074,1811,
2096,1785,
2112,1771,
2128,1783,
2138,1805,
2147,1821,
2155,1836,
2161,1846,
2146,1872,
2121,1909,
2105,1924,
2087,1925,
2073,1905,
2068,1877,
2069,1846,
2071,1818,
2088,1791,
2112,1773,
2126,1779,
2135,1803,
2143,1823,
2153,1836,
2158,1840,
2148,1863,
2121,1905,
2102,1925,
2089,1924,
2082,1909,
2069,1886,
2067,1852,
2071,1818,
2084,1792,
2111,1774,
2122,1783,
2136,1800,
2144,1815,
2148,1835,
2160,1844,
2148,1858,
2127,1900,
2111,1925,
2090,1928,
2082,1911,
2070,1885,
2067,1854,
2070,1822,
2080,1801,
2110,1775,
2122,1772,
2135,1795,
2141,1816,
2150,1827,
2157,1840,
2159,1856,
2135,1892,
2113,1922,
2095,1928,
2083,1913,
2071,1893,
2064,1863,
2069,1829,
2077,1801,
2104,1777,
2119,1776,
2131,1787,
2139,1815,
2150,1827,
2158,1842,
2154,1850,
2130,1885,
2114,1914,
2099,1927,
2081,1921,
2072,1896,
2066,1866,
2069,1830,
2075,1807,
2097,1781,
2114,1774,
2134,1790,
2139,1812,
2146,1826,
2153,1837,
2156,1845,
2135,1880,
2113,1915,
2100,1927,
2087,1926,
2076,1896,
2064,1874,
2065,1839,
2073,1809,
2098,1784,
2116,1772,
2127,1787,
2135,1807,
2146,1820,
2156,1834,
2160,1851,
2140,1874,
2120,1910,
2105,1925,
2086,1924,
2075,1901,
2067,1879,
2071,1841,
2072,1811,
2089,1788,
2110,1770,
2123,1780,
2135,1802,
2139,1824,
2152,1835,
2159,1846,
2146,1864,
2122,1906,
2102,1921,
2084,1927,
2076,1906,
2068,1878,
2065,1846,
2070,1814,
2086,1787,
2108,1774,
2120,1784,
2133,1803,
2146,1822,
2151,1830,
2160,1843,
2144,1864,
2124,1902,
2108,1919,
2090,1927,
2080,1911,
2068,1880,
2061,1852,
2074,1819,
2082,1798,
2108,1777,
2125,1779,
2136,1795,
2139,1820,
2152,1829,
2160,1839,
2156,1855,
2130,1895,
2109,1920,
2089,1928,
2081,1909,
2070,1886,
2062,1862,
2068,1828,
2080,1803,
2104,1773,
2119,1778,
2131,1792,
2140,1815,
2149,1827,
2160,1837,
2154,1853,
2131,1887,
2109,1918,
2099,1923,
2080,1917,
2071,1895,
2068,1866,
2070,1827,
2076,1805,
2099,1779,
2122,1771,
2130,1789,
2139,1811,
2147,1831,
2156,1837,
2155,1847,
2131,1883,
2111,1919,
2099,1930,
2086,1920,
2075,1893,
2064,1871,
2066,1835,
2072,1806,
2097,1781,
2117,1770,
2127,1786,
2137,1805,
2144,1823,
2154,1835,
2162,1849,
2138,1879,
2120,1915,
2103,1921,
2087,1923,
2072,1902,
2067,1870,
2069,1838,
2074,1810,
2092,1789,
2112,1767,
2124,1780,
2139,1802,
2144,1822,
2151,1839,
2161,1845,
2144,1868,
2119,1907,
2097,1927,
2087,1925,
2077,1904,
2067,1877,
2063,1846,
2069,1813,
2087,1789,
2114,1767,
2126,1781,
2137,1805,
2143,1825,
2153,1832,
2160,1840,
2144,1865,
2124,1902,
2101,1922,
2090,1925,
2077,1909,
2066,1881,
2063,1852,
2069,1818,
2084,1796,
2110,1774,
2123,1781,
2134,1793,
2144,1818,
2151,1834,
2162,1837,
2151,1858,
2127,1897,
2106,1923,
2089,1924,
2078,1906,
2067,1884,
2067,1854,
2068,1826,
2084,1799,
2105,1776,
2119,1774,
2128,1796,
2139,1810,
2149,1829,
2162,1838,
2152,1857,
2127,1890,
2106,1916,
2093,1924,
2080,1916,
2073,1890,
2066,1864,
2069,1826,
2076,1801,
2099,1776,
2120,1771,
2130,1793,
2140,1810,
2146,1830,
2158,1837,
2153,1850,
2134,1884,
2112,1915,
2098,1928,
2085,1919,
2073,1891,
2064,1864,
2065,1830,
2074,1801,
2100,1782,
2119,1772,
2128,1791,
2137,1810,
2144,1830,
2157,1836,
2160,1848,
2136,1882,
2114,1915,
2101,1925,
2086,1919,
2074,1900,
2067,1868,
2068,1837,
2074,1808,
2094,1785,
2115,1773,
2126,1787,
2137,1805,
2148,1823,
2154,1839,
2159,1846,
2138,1873,
2122,1907,
2102,1927,
2083,1922,
2076,1901,
2069,1876,
2067,1846,
2072,1812,
2090,1788,
2112,1769,
2128,1784,
2136,1805,
2149,1823,
2152,1836,
2164,1841,
2144,1872,
2119,1902,
2101,1928,
2092,1925,
2080,1907,
2069,1880,
2065,1847,
2072,1817,
2088,1794,
2113,1775,
2125,1778,
2133,1800,
2147,1819,
2152,1836,
2161,1839,
2144,1864,
2128,1900,
2105,1928,
2089,1928,
2081,1908,
2068,1882,
2067,1851,
2068,1821,
2084,1796,
2110,1778,
2124,1773,
2134,1799,
2140,1815,
2148,1833,
2162,1840,
2156,1858,
2127,1895,
2107,1921,
2094,1924,
2083,1912,
2070,1891,
2067,1860,
2068,1826,
2080,1798,
2104,1777,
2123,1774,
2130,1795,
2144,1814,
2152,1832,
2159,1838,
2152,1851,
2130,1888,
2112,1916,
2092,1930,
2083,1918,
2073,1893,
2065,1860,
2068,1835,
2076,1802,
2100,1781,
2121,1771,
2135,1791,
2141,1811,
2145,1828,
2156,1839,
2160,1848,
2134,1888,
2114,1918,
2097,1930,
2085,1915,
2071,1901,
2064,1871,
2066,1837,
2077,1807,
2099,1785,
2116,1774,
2125,1788,
2138,1805,
2147,1826,
2155,1838,
2158,1848,
2141,1877,
2120,1910,
2098,1928,
2085,1925,
2075,1902,
2068,1874,
2069,1843,
2073,1811,
2094,1784,
2112,1769,
2128,1781,
2137,1808,
2144,1826,
2156,1841,
2160,1841,
2141,1874,
2116,1909,
2101,1928,
2087,1922,
2078,1901,
2067,1875,
2063,1844,
2070,1811,
2092,1788,
2109,1777,
2125,1783,
2139,1805,
2143,1820,
2152,1839,
2159,1843,
2145,1870,
2125,1902,
2107,1926,
2092,1926,
2078,1906,
2068,1882,
2070,1848,
2069,1821,
2085,1796,
2108,1775,
2124,1776,
2134,1800,
2142,1823,
2152,1833,
2162,1842,
2152,1859,
2126,1901,
2106,1919,
2092,1925,
2081,1908,
2070,1890,
2066,1859,
2071,1823,
2081,1797,
2104,1778,
2119,1778,
2133,1798,
2143,1817,
2150,1832,
2158,1840,
2151,1854,
2129,1888,
2113,1917,
2096,1930,
2081,1914,
2073,1890,
2067,1857,
2068,1827,
2079,1805,
2103,1780,
2123,1775,
2132,1794,
2141,1816,
2147,1829,
2155,1839,
2160,1849,
2131,1889,
2116,1918,
2098,1927,
2084,1915,
2072,1895,
2066,1869,
2069,1835,
2079,1807,
2099,1781,
2118,1774,
2130,1790,
2135,1808,
2150,1825,
2157,1841,
2161,1848,
2138,1880,
2118,1909,
2099,1928,
2084,1921,
2074,1898,
2067,1871,
2066,1840,
2077,1810,
2091,1782,
2114,1768,
2129,1782,
2140,1808,
2144,1827,
2153,1834,
2163,1841,
2138,1874,
2117,1909,
2099,1927,
2087,1924,
2074,1900,
2067,1874,
2065,1840,
2068,1813,
2091,1784,
2115,1770,
2123,1784,
2136,1803,
2147,1820,
2157,1836,
2159,1845,
2144,1868,
2126,1905,
2103,1924,
2091,1926,
2074,1905,
2061,1880,
2069,1846,
2072,1818,
2087,1793,
2112,1772,
2124,1778,
2133,1800,
2142,1821,
2150,1835,
2163,1841,
2147,1865,
2127,1901,
2100,1924,
2089,1921,
2080,1906,
2071,1884,
2064,1853,
2070,1820,
2084,1795,
2111,1771,
2124,1777,
2134,1797,
2143,1819,
2149,1828,
2160,1841,
2151,1858,
2125,1891,
2109,1917,
2097,1927,
2082,1914,
2072,1891,
2066,1855,
2070,1824,
2081,1801,
2101,1776,
2122,1775,
2131,1790,
2141,1812,
2145,1830,
2155,1839,
2157,1852,
2132,1889,
2111,1922,
2099,1929,
2084,1916,
2073,1889,
2066,1866,
2068,1829,
2078,1807,
2101,1777,
2121,1774,
2128,1793,
2139,1810,
2150,1826,
2162,1841,
2158,1853,
2136,1883,
2117,1915,
2097,1924,
2083,1921,
2072,1897,
2064,1868,
2068,1833,
2080,1809,
2096,1785,
2115,1771,
2127,1788,
2141,1809,
2145,1828,
2156,1837,
2161,1844,
2136,1873,
2119,1912,
2102,1930,
2087,1923,
2075,1899,
2070,1874,
2066,1841,
2072,1810,
2091,1784,
2118,1772,
2128,1786,
2137,1807,
2145,1823,
2154,1833,
2159,1847,
2142,1872,
2122,1910,
2108,1928,
2092,1922,
2077,1908,
2066,1875,
2065,1846,
2074,1814,
2089,1792,
2114,1771,
2124,1780,
2137,1799,
2143,1823,
2150,1838,
2161,1844,
2150,1871,
2129,1906,
2103,1928,
2089,1925,
2078,1910,
2070,1880,
2069,1854,
2072,1820,
2084,1794,
2110,1770,
2123,1781,
2131,1803,
2144,1819,
2150,1828,
2164,1839,
2149,1862,
2126,1897,
2106,1922,
2098,1925,
2082,1914,
2070,1884,
2063,1855,
2070,1820,
2082,1796,
2103,1778,
2122,1776,
2134,1795,
2147,1815,
2148,1834,
2158,1837,
2154,1859,
2133,1893,
2112,1920,
2096,1927,
2082,1915,
2070,1886,
2067,1862,
2069,1832,
2082,1803,
2104,1778,
2122,1774,
2132,1796,
2144,1808,
2148,1831,
2157,1838,
2154,1855,
2133,1889,
2114,1915,
2098,1925,
2083,1918,
2073,1896,
2066,1870,
2072,1836,
2079,1804,
2101,1784,
2121,1773,
2130,1792,
2143,1808,
2148,1831,
2156,1838,
2158,1845,
2136,1877,
2114,1915,
2096,1929,
2085,1923,
2079,1901,
2066,1869,
2065,1837,
2074,1811,
2096,1785,
2118,1769,
2130,1787,
2136,1807,
2146,1823,
2155,1832,
2160,1844,
2136,1879,
2119,1912,
2099,1927,
2088,1920,
2077,1905,
2066,1875,
2064,1842,
2076,1813,
2092,1790,
2114,1773,
2126,1783,
2135,1802,
2143,1823,
2150,1838,
2161,1846,
2146,1865,
2124,1902,
2103,1930,
2086,1924,
2080,1903,
2070,1880,
2069,1846,
2069,1817,
2085,1790,
2109,1771,
2123,1779,
2131,1804,
2142,1821,
2155,1840,
2164,1838,
2146,1865,
2122,1902,
2103,1925,
2093,1924,
2080,1911,
2070,1883,
2064,1850,
2069,1818,
2083,1794,
2110,1775,
2121,1780,
2133,1801,
2144,1815,
2149,1832,
2158,1841,
2151,1856,
2132,1893,
2109,1921,
2093,1927,
2080,1909,
2071,1886,
2064,1854,
2068,1827,
2080,1803,
2106,1780,
2121,1772,
2131,1795,
2139,1818,
2149,1828,
2160,1836,
2154,1856,
2131,1891,
2110,1919,
2096,1927,
2082,1913,
2073,1895,
2068,1864,
2073,1832,
2079,1801,
2103,1784,
2120,1772,
2130,1788,
2145,1809,
2148,1827,
2157,1839,
2154,1850,
2132,1884,
2114,1912,
2097,1930,
2086,1919,
2077,1898,
2067,1866,
2068,1837,
2073,1807,
2097,1781,
2117,1768,
2128,1789,
2137,1810,
2146,1825,
2158,1836,
2158,1849,
2142,1876,
2119,1914,
2104,1929,
2088,1923,
2076,1902,
2068,1874,
2067,1836,
2074,1810,
2094,1785,
2114,1772,
2124,1783,
2135,1804,
2146,1821,
2155,1837,
2161,1848,
2142,1870,
2118,1906,
2103,1926,
2085,1921,
2077,1900,
2068,1877,
2066,1846,
2069,1815,
2087,1788,
2110,1770,
2124,1779,
2135,1803,
2145,1824,
2154,1836,
2160,1839,
2149,1866,
2120,1905,
2107,1921,
2090,1923,
2081,1910,
2066,1881,
2064,1848,
2070,1820,
2086,1793,
2109,1771,
2123,1781,
2134,1802,
2144,1820,
2150,1833,
2160,1842,
2152,1859,
2125,1901,
2108,1921,
2092,1928,
2080,1913,
2070,1885,
2068,1854,
2074,1823,
2082,1801,
2109,1776,
2121,1775,
2133,1793,
2141,1813,
2146,1827,
2155,1842,
2157,1857,
2131,1895,
2111,1921,
2095,1930,
2082,1913,
2071,1890,
2065,1864,
2073,1829,
2079,1802,
2107,1777,
2120,1776,
2129,1793,
2141,1814,
2151,1829,
2157,1843,
2156,1851,
2132,1884,
2115,1917,
2097,1924,
2082,1919,
2075,1897,
2065,1867,
2073,1832,
2074,1810,
2097,1781,
2118,1773,
2131,1790,
2139,1811,
2146,1827,
2157,1838,
2158,1845,
2138,1879,
2118,1919,
2105,1929,
2082,1921,
2076,1896,
2067,1873,
2067,1837,
2072,1810,
2099,1784,
2118,1771,
2127,1786,
2137,1810,
2146,1824,
2157,1834,
2161,1851,
2141,1877,
2120,1907,
2105,1926,
2086,1927,
2076,1903,
2067,1878,
2069,1843,
2074,1814,
2093,1789,
2113,1773,
2126,1784,
2139,1803,
2142,1825,
2154,1837,
2159,1842,
2145,1865,
2121,1910,
2103,1923,
2085,1929,
2080,1905,
2070,1879,
2065,1848,
2066,1818,
2087,1789,
2113,1772,
2123,1778,
2138,1801,
2143,1824,
2152,1829,
2160,1844,
2144,1864,
2125,1902,
2109,1924,
2093,1927,
2078,1909,
2069,1880,
2065,1851,
2073,1819,
2081,1798,
2108,1776,
2125,1779,
2136,1797,
2142,1820,
2150,1832,
2159,1843,
2158,1858,
2132,1898,
2108,1922,
2093,1925,
2081,1911,
2074,1884,
2065,1864,
2070,1826,
2080,1803,
2106,1773,
2119,1776,
2133,1794,
2142,1817,
2149,1828,
2158,1838,
2155,1852,
2129,1892,
2109,1917,
2101,1924,
2082,1917,
2074,1892,
2063,1859,
2069,1828,
2076,1805,
2102,1781,
2119,1776,
2132,1790,
2141,1815,
2152,1830,
2159,1836,
2158,1853,
2137,1884,
2111,1918,
2098,1929,
2083,1923,
2074,1896,
2068,1869,
2065,1838,
2074,1810,
2102,1782,
2118,1774,
2130,1790,
2138,1806,
2142,1823,
2158,1832,
2159,1848,
2137,1879,
2113,1912,
2103,1923,
2085,1925,
2073,1902,
2064,1875,
2069,1838,
2076,1811,
2095,1789,
2114,1769,
2124,1781,
2139,1803,
2144,1828,
2153,1838,
2160,1849,
2145,1869,
2116,1910,
2097,1929,
2089,1923,
2076,1903,
2068,1877,
2069,1845,
2071,1812,
2088,1789,
2113,1769,
2123,1787,
2137,1806,
2148,1825,
2156,1832,
2157,1846,
2143,1871,
2125,1903,
2108,1925,
2090,1925,
2077,1906,
2069,1880,
2066,1851,
2072,1818,
2085,1798,
2113,1774,
2123,1782,
2135,1795,
2144,1820,
2151,1835,
2161,1839,
2148,1857,
2126,1897,
2108,1924,
2090,1921,
2077,1908,
2070,1884,
2063,1857,
2071,1825,
2081,1799,
2107,1771,
2125,1777,
2130,1801,
2143,1813,
2151,1831,
2158,1838,
2151,1858,
2126,1887,
2105,1917,
2096,1924,
2082,1915,
2071,1893,
2068,1863,
2069,1825,
2079,1804,
2099,1778,
2121,1770,
2129,1792,
2140,1811,
2146,1830,
2155,1837,
2152,1850,
2133,1884,
2110,1919,
2098,1929,
2083,1918,
2073,1891,
2064,1864,
2067,1832,
2077,1803,
2100,1783,
2116,1772,
2128,1788,
2136,1808,
2142,1827,
2156,1835,
2158,1848,
2137,1884,
2119,1913,
2103,1925,
2084,1923,
2074,1899,
2067,1868,
2065,1834,
2073,1808,
2099,1785,
2113,1771,
2124,1785,
2139,1803,
2148,1826,
2154,1841,
2163,1848,
2138,1874,
2122,1911,
2097,1926,
2084,1919,
2077,1902,
2068,1873,
2065,1842,
2071,1813,
2094,1786,
2113,1771,
2125,1784,
2134,1805,
2146,1822,
2152,1831,
2162,1840,
2141,1871,
2121,1902,
2101,1925,
2089,1922,
2079,1905,
2066,1881,
2062,1848,
2072,1818,
2089,1788,
2111,1771,
2123,1780,
2136,1798,
2146,1819,
2153,1832,
2159,1842,
2146,1864,
2123,1897,
2104,1924,
2089,1924,
2075,1909,
2068,1883,
2066,1852,
2068,1822,
2085,1797,
2108,1770,
2121,1774,
2132,1799,
2138,1813,
2147,1834,
2161,1841,
2154,1858,
2125,1895,
2107,1921,
2094,1924,
2083,1912,
2069,1891,
2066,1860,
2070,1824,
2082,1798,
2104,1779,
2116,1774,
2129,1796,
2142,1814,
2150,1829,
2159,1839,
2150,1853,
2128,1887,
2113,1915,
2092,1926,
2084,1915,
2070,1893,
2066,1859,
2068,1832,
2077,1803,
2100,1781,
2118,1772,
2128,1793,
2136,1809,
2147,1824,
2156,1836,
2159,1846,
2135,1890,
2114,1917,
2096,1927,
2083,1915,
2071,1900,
2064,1871,
2065,1836,
2076,1806,
2099,1783,
2114,1771,
2127,1786,
2137,1808,
2151,1825,
2154,1838,
2156,1847,
2135,1875,
2119,1908,
2099,1927,
2085,1921,
2074,1903,
2068,1872,
2068,1840,
2073,1811,
2090,1783,
2113,1770,
2129,1784,
2132,1804,
2146,1826,
2154,1837,
2159,1841,
2139,1872,
2116,1908,
2098,1926,
2090,1921,
2077,1901,
2068,1876,
2062,1842,
2070,1814,
2090,1789,
2110,1775,
2124,1781,
2138,1800,
2144,1817,
2150,1836,
2159,1846,
2145,1866,
2125,1900,
2106,1925,
2089,1926,
2078,1904,
2067,1884,
2068,1847,
2069,1820,
2084,1795,
2108,1773,
2122,1774,
2133,1799,
2138,1821,
2152,1833,
2163,1840,
2151,1863,
2124,1898,
2107,1922,
2088,1920,
2082,1909,
2067,1887,
2064,1855,
2068,1825,
2082,1794,
2104,1777,
2116,1778,
2130,1797,
2145,1816,
2150,1829,
2160,1839,
2149,1856,
2128,1891,
2113,1917,
2094,1930,
2076,1915,
2068,1884,
2065,1856,
2066,1829,
2075,1802,
2103,1776,
2119,1776,
2133,1792,
2139,1814,
2146,1826,
2158,1838,
2158,1848,
2129,1891,
2113,1916,
2095,1925,
2082,1915,
2070,1894,
2061,1866,
2067,1832,
2078,1804,
2099,1778,
2118,1773,
2126,1787,
2138,1810,
2146,1824,
2154,1837,
2157,1848,
2139,1883,
2116,1909,
2099,1927,
2083,1921,
2074,1898,
2069,1872,
2067,1836,
2071,1808,
2093,1783,
2112,1769,
2128,1781,
2138,1806,
2144,1826,
2154,1838,
2158,1840,
2138,1875,
2113,1910,
2100,1927,
2088,1924,
2076,1900,
2064,1874,
2066,1842,
2071,1811,
2095,1784,
2112,1771,
2124,1785,
2133,1802,
2144,1820,
2149,1836,
2158,1843,
2141,1872,
2119,1904,
2101,1924,
2089,1922,
2077,1904,
2067,1879,
2067,1842,
2068,1819,
2088,1793,
2112,1771,
2124,1775,
2132,1803,
2143,1820,
2151,1834,
2159,1839,
2148,1863,
2126,1899,
2102,1920,
2086,1924,
2080,1907,
2066,1886,
2066,1854,
2069,1820,
2086,1792,
2106,1775,
2119,1779,
2134,1797,
2144,1817,
2144,1834,
2159,1843,
2145,1859,
2122,1893,
2110,1917,
2096,1927,
2078,1916,
2069,1887,
2066,1854,
2069,1825,
2079,1800,
2105,1775,
2125,1772,
2131,1794,
2139,1811,
2146,1827,
2156,1837,
2158,1848,
2129,1890,
2110,1919,
2093,1926,
2082,1910,
2069,1891,
2064,1865,
2067,1827,
2078,1800,
2100,1776,
2119,1771,
2127,1791,
2136,1806,
2148,1825,
2156,1838,
2154,1848,
2135,1883,
2116,1912,
2096,1924,
2082,1920,
2071,1894,
2065,1871,
2066,1833,
2073,1805,
2093,1780,
2111,1770,
2127,1784,
2140,1807,
2142,1827,
2157,1837,
2159,1846,
2138,1876,
2118,1913,
2101,1927,
2084,1918,
2075,1898,
2063,1873,
2063,1839,
2069,1809,
2091,1782,
2116,1770,
2126,1787,
2140,1808,
2145,1821,
2154,1833,
2157,1848,
2142,1869,
2121,1909,
2103,1923,
2087,1922,
2075,1903,
2062,1876,
2065,1841,
2073,1813,
2087,1791,
2114,1772,
2127,1780,
2134,1799,
2145,1820,
2151,1834,
2160,1841,
2143,1864,
2125,1903,
2102,1924,
2085,1922,
2076,1905,
2068,1879,
2065,1853,
2073,1819,
2086,1792,
2110,1771,
2121,1780,
2132,1801,
2144,1818,
2151,1830,
2158,1843,
2148,1860,
2121,1897,
2107,1922,
2093,1925,
2080,1912,
2072,1887,
2063,1856,
2069,1819,
2082,1800,
2107,1776,
2121,1778,
2130,1793,
2144,1814,
2148,1833,
2158,1837,
2153,1856,
2134,1892,
2106,1921,
2094,1926,
2078,1913,
2071,1885,
2067,1861,
2069,1825,
2079,1804,
2107,1777,
2123,1775,
2127,1793,
2140,1812,
2149,1829,
2159,1836,
2156,1854,
2132,1888,
2111,1918,
2096,1923,
2082,1918,
2070,1895,
2066,1864,
2070,1833,
2080,1804,
2100,1779,
2118,1772,
2127,1787,
2141,1811,
2146,1831,
2156,1840,
2158,1845,
2139,1878,
2115,1914,
2096,1929,
2085,1922,
2076,1897,
2068,1870,
2065,1837,
2071,1808,
2096,1786,
2119,1771,
2126,1788,
2136,1805,
2146,1824,
2155,1831,
2158,1847,
2134,1877,
2116,1911,
2103,1923,
2091,1922,
2075,1904,
2065,1872,
2065,1840,
2075,1812,
2090,1790,
2114,1774,
2124,1783,
2136,1799,
2142,1823,
2152,1840,
2158,1842,
2145,1868,
2125,1904,
2104,1924,
2085,1921,
2073,1904,
2070,1876,
2064,1848,
2071,1815,
2086,1791,
2112,1768,
2124,1781,
2133,1803,
2144,1821,
2153,1829,
2164,1842,
2147,1864,
2124,1896,
2105,1921,
2092,1921,
2079,1912,
2069,1884,
2067,1853,
2070,1819,
2082,1798,
2106,1774,
2121,1777,
2133,1800,
2144,1817,
2148,1833,
2156,1838,
2147,1854,
2128,1894,
2110,1920,
2091,1926,
2077,1912,
2070,1885,
2062,1857,
2065,1826,
2082,1799,
2106,1775,
2122,1773,
2130,1793,
2139,1810,
2144,1829,
2160,1834,
2153,1854,
2127,1889,
2110,1917,
2094,1923,
2081,1915,
2071,1894,
2065,1863,
2069,1828,
2080,1802,
2099,1778,
2119,1771,
2130,1794,
2142,1810,
2147,1829,
2155,1839,
2157,1851,
2131,1882,
2111,1917,
2098,1928,
2083,1918,
2072,1897,
2069,1866,
2066,1833,
2075,1805,
2095,1781,
2120,1770,
2126,1791,
2139,1809,
2147,1826,
2155,1833,
2157,1847,
2133,1880,
2117,1913,
2101,1928,
2086,1919,
2072,1899,
2065,1872,
2063,1838,
2073,1808,
2092,1787,
2112,1772,
2127,1785,
2137,1802,
2146,1823,
2151,1838,
2158,1847,
2139,1871,
2117,1904,
2101,1924,
2083,1923,
2072,1903,
2069,1873,
2066,1846,
2071,1815,
2091,1791,
2111,1769,
2122,1782,
2135,1805,
2142,1822,
2153,1833,
2161,1840,
2145,1867,
2119,1899,
2109,1921,
2091,1921,
2076,1909,
2068,1881,
2067,1851,
2069,1817,
2087,1793,
2109,1774,
2126,1780,
2137,1804,
2145,1817,
2151,1833,
2157,1839,
2145,1862,
2125,1894,
2106,1927,
2090,1927,
2077,1910,
2069,1882,
2063,1855,
2067,1824,
2082,1796,
2108,1772,
2121,1775,
2130,1793,
2139,1813,
2147,1833,
2160,1839,
2152,1856,
2126,1892,
2109,1918,
2096,1924,
2080,1914,
2069,1892,
2066,1860,
2069,1826,
2079,1798,
2101,1775,
2116,1772,
2129,1791,
2140,1811,
2150,1829,
2156,1841,
2155,1848,
2133,1883,
2114,1918,
2096,1928,
2083,1919,
2071,1894,
2064,1862,
2068,1833,
2074,1802,
2094,1779,
2119,1769,
2131,1791,
2139,1812,
2147,1826,
2157,1834,
2157,1847,
2132,1880,
2114,1913,
2101,1929,
2083,1916,
2074,1898,
2063,1869,
2066,1835,
2073,1805,
2097,1783,
2113,1773,
2130,1788,
2140,1807,
2149,1825,
2152,1837,
2159,1848,
2141,1877,
2117,1906,
2100,1922,
2083,1923,
2072,1901,
2065,1870,
2067,1841,
2070,1813,
2092,1787,
2112,1770,
2125,1781,
2134,1807,
2144,1820,
2154,1834,
2160,1842,
2145,1871,
2118,1903,
2100,1922,
2088,1924,
2079,1904,
2067,1881,
2066,1848,
2072,1814,
2087,1788,
2110,1773,
2122,1780,
2136,1801,
2142,1815,
2154,1833,
2159,1840,
2144,1860,
2124,1901,
2109,1923,
2089,1928,
2079,1909,
2070,1881,
2064,1849,
2067,1821,
2083,1795,
2108,1773,
2124,1776,
2132,1796,
2141,1817,
2147,1829,
2158,1839,
2153,1857,
2126,1898,
2109,1922,
2092,1924,
2079,1909,
2069,1886,
2063,1859,
2068,1826,
2081,1797,
2104,1776,
2121,1776,
2131,1792,
2136,1813,
2150,1828,
2158,1840,
2155,1851,
2130,1888,
2110,1914,
2094,1924,
2081,1917,
2069,1893,
2064,1861,
2070,1830,
2076,1803,
2097,1779,
2117,1773,
2131,1790,
2141,1815,
2145,1826,
2156,1838,
2158,1847,
2131,1886,
2114,1915,
2098,1928,
2084,1916,
2072,1895,
2065,1868,
2067,1833,
2073,1803,
2097,1779,
2117,1773,
2130,1788,
2134,1808,
2146,1822,
2156,1837,
2160,1845,
2135,1878,
2117,1911,
2101,1927,
2084,1921,
2070,1898,
2062,1870,
2068,1836,
2073,1813,
2092,1786,
2113,1770,
2127,1784,
2135,1807,
2143,1825,
2150,1836,
2157,1841,
2141,1871,
2119,1908,
2103,1921,
2085,1925,
2078,1902,
2066,1880,
2066,1842,
2071,1813,
2089,1785,
2108,1771,
2120,1786,
2135,1802,
2142,1821,
2157,1833,
2159,1840,
2147,1861,
2122,1903,
2107,1920,
2089,1927,
2076,1906,
2070,1879,
2067,1848,
2070,1820,
2081,1794,
2110,1773,
2125,1778,
2136,1797,
2146,1815,
2150,1832,
2156,1839,
2151,1856,
2127,1900,
2105,1921,
2088,1925,
2079,1906,
2066,1888,
2063,1857,
2067,1824,
2081,1794,
2109,1773,
2121,1775,
2132,1793,
2139,1813,
2152,1828,
2156,1843,
2151,1856,
2127,1890,
2110,1915,
2095,1926,
2080,1919,
2071,1892,
2068,1860,
2069,1827,
2078,1800,
2103,1774,
2119,1772,
2131,1792,
2140,1814,
2146,1830,
2160,1840,
2154,1848,
2126,1888,
2111,1917,
2097,1928,
2083,1915,
2075,1892,
2067,1868,
2069,1829,
2073,1806,
2102,1779,
2117,1778,
2128,1792,
2141,1810,
2146,1823,
2156,1838,
2156,1850,
2136,1883,
2118,1918,
2099,1926,
2078,1920,
2069,1895,
2064,1870,
2068,1833,
2075,1810,
2093,1782,
2118,1773,
2127,1783,
2137,1807,
2143,1829,
2155,1836,
2159,1845,
2138,1872,
2117,1906,
2097,1926,
2083,1920,
2076,1898,
2065,1876,
2064,1844,
2070,1810,
2090,1783,
2114,1769,
2125,1783,
2136,1805,
2143,1824,
2154,1833,
2157,1840,
2142,1864,
2120,1908,
2105,1920,
2084,1926,
2076,1905,
2068,1880,
2065,1844,
2069,1815,
2087,1792,
2109,1771,
2121,1779,
2134,1798,
2142,1820,
2147,1833,
2158,1841,
2149,1859,
2122,1901,
2102,1924,
2085,1923,
2077,1904,
2068,1884,
2060,1853,
2069,1822,
2083,1795,
2109,1770,
2120,1776,
2131,1795,
2141,1819,
2148,1829,
2157,1842,
2148,1857,
2127,1893,
2107,1921,
2090,1925,
2078,1913,
2070,1887,
2067,1856,
2071,1823,
2082,1801,
2103,1773,
2115,1773,
2133,1793,
2143,1815,
2145,1831,
2156,1840,
2152,1852,
2130,1890,
2112,1921,
2096,1928,
2083,1914,
2073,1890,
2065,1863,
2066,1828,
2076,1800,
2099,1774,
2119,1771,
2125,1792,
2139,1813,
2147,1823,
2155,1837,
2153,1849,
2133,1884,
2111,1914,
2095,1924,
2085,1918,
2067,1893,
2063,1862,
2067,1832,
2075,1802,
2097,1784,
2114,1773,
2130,1786,
2136,1806,
2143,1828,
2154,1836,
2163,1849,
2135,1874,
2117,1912,
2095,1926,
2079,1918,
2075,1898,
2068,1869,
2066,1840,
2073,1808,
2093,1783,
2114,1767,
2125,1785,
2135,1807,
2145,1825,
2152,1833,
2163,1843,
2138,1873,
2115,1907,
2104,1922,
2094,1922,
2077,1908,
2066,1875,
2065,1842,
2074,1813,
2087,1789,
2111,1770,
2123,1781,
2134,1799,
2142,1821,
2151,1837,
2157,1841,
2148,1864,
2122,1903,
2104,1928,
2088,1923,
2078,1905,
2067,1877,
2065,1850,
2069,1818,
2086,1795,
2110,1771,
2123,1779,
2134,1799,
2143,1814,
2150,1830,
2164,1840,
2147,1863,
2125,1895,
2108,1918,
2093,1920,
2079,1912,
2068,1887,
2066,1855,
2071,1820,
2083,1797,
2103,1776,
2121,1773,
2133,1794,
2143,1811,
2150,1831,
2158,1836,
2152,1853,
2130,1888,
2109,1921,
2090,1929,
2081,1916,
2068,1887,
2068,1858,
2066,1826,
2078,1797,
2104,1777,
2121,1773,
2132,1798,
2138,1814,
2147,1826,
2160,1836,
2155,1853,
2131,1887,
2113,1918,
2095,1923,
2086,1914,
2070,1893,
2065,1860,
2065,1833,
2079,1804,
2100,1782,
2118,1772,
2126,1788,
2140,1807,
2146,1830,
2154,1841,
2157,1849,
2137,1880,
2119,1914,
2097,1927,
2085,1917,
2074,1899,
2070,1868,
2070,1840,
2074,1808,
2094,1784,
2117,1770,
2128,1790,
2135,1812,
2145,1828,
2153,1835,
2160,1848,
2138,1878,
2123,1906,
2099,1925,
2092,1921,
2076,1904,
2066,1875,
2066,1841,
2074,1810,
2090,1787,
2112,1775,
2125,1785,
2139,1801,
2147,1820,
2155,1838,
2159,1843,
2143,1870,
2124,1906,
2101,1929,
2088,1924,
2076,1905,
2069,1877,
2066,1847,
2069,1819,
2086,1792,
2112,1771,
2125,1782,
2134,1799,
2141,1816,
2152,1834,
2162,1839,
2145,1860,
2122,1900,
2101,1920,
2089,1921,
2079,1907,
2070,1885,
2066,1852,
2068,1819,
2085,1794,
2110,1773,
2123,1775,
2133,1800,
2147,1816,
2150,1835,
2159,1843,
2149,1855,
2128,1893,
2106,1921,
2091,1928,
2080,1914,
2074,1886,
2069,1857,
2066,1825,
2080,1797,
2103,1773,
2123,1772,
2130,1796,
2140,1813,
2151,1832,
2159,1834,
2153,1853,
2126,1892,
2111,1920,
2096,1926,
2083,1914,
2070,1892,
2065,1858,
2065,1827,
2082,1799,
2101,1781,
2118,1775,
2132,1793,
2138,1808,
2146,1828,
2153,1844,
2157,1852,
2131,1884,
2116,1913,
2095,1926,
2083,1917,
2072,1897,
2069,1868,
2066,1837,
2075,1807,
2098,1781,
2117,1770,
2124,1790,
2137,1813,
2146,1827,
2157,1841,
2162,1846,
2139,1879,
2116,1911,
2095,1927,
2089,1917,
2071,1902,
2066,1874,
2066,1839,
2074,1808,
2092,1790,
2112,1775,
2128,1786,
2137,1806,
2147,1823,
2155,1837,
2156,1843,
2144,1873,
2122,1904,
2104,1929,
2089,1926,
2077,1900,
2067,1873,
2065,1846,
2071,1816,
2089,1790,
2111,1768,
2125,1780,
2135,1803,
2142,1820,
2154,1834,
2163,1840,
2145,1866,
2120,1906,
2104,1923,
2090,1919,
2076,1906,
2065,1882,
2067,1850,
2071,1821,
2086,1793,
2110,1773,
2122,1777,
2131,1797,
2144,1814,
2150,1835,
2159,1840,
2148,1858,
2127,1896,
2104,1922,
2091,1929,
2078,1913,
2069,1888,
2065,1855,
2070,1822,
2079,1796,
2103,1774,
2123,1777,
2134,1797,
2139,1818,
2148,1831,
2157,1838,
2150,1856,
2127,1895,
2111,1922,
2093,1928,
2081,1914,
2073,1887,
2065,1862,
2065,1826,
2080,1799,
2106,1778,
2120,1776,
2131,1795,
2141,1811,
2147,1829,
2155,1839,
2157,1849,
2134,1886,
2113,1916,
2096,1927,
2080,1916,
2067,1891,
2065,1863,
2071,1831,
2075,1806,
2097,1783,
2119,1771,
2130,1790,
2138,1813,
2146,1825,
2158,1836,
2159,1844,
2136,1884,
2114,1913,
2092,1926,
2086,1915,
2074,1898,
2062,1871,
2068,1835,
2075,1808,
2095,1781,
2114,1775,
2127,1788,
2135,1807,
2145,1821,
2157,1837,
2157,1847,
2133,1876,
2116,1905,
2105,1927,
2084,1924,
2076,1900,
2067,1870,
2065,1840,
2072,1813,
2092,1789,
2110,1771,
2125,1780,
2140,1805,
2143,1822,
2153,1835,
2160,1841,
2148,1869,
2121,1906,
2107,1927,
2089,1921,
2080,1903,
2067,1881,
2065,1849,
2072,1818,
2089,1789,
2114,1773,
2122,1779,
2130,1802,
2142,1816,
2157,1834,
2159,1845,
2149,1865,
2125,1903,
2103,1921,
2090,1926,
2077,1907,
2070,1886,
2064,1849,
2070,1818,
2082,1794,
2104,1774,
2122,1777,
2136,1797,
2142,1821,
2150,1831,
2160,1838,
2154,1859,
2127,1899,
2107,1924,
2095,1929,
2080,1912,
2073,1888,
2065,1857,
2067,1824,
2080,1798,
2107,1776,
2121,1776,
2133,1795,
2140,1815,
2150,1826,
2160,1841,
2155,1854,
2127,1892,
2111,1915,
2094,1927,
2077,1916,
2072,1889,
2065,1862,
2071,1831,
2077,1807,
2102,1778,
2119,1770,
2131,1790,
2140,1812,
2146,1830,
2156,1842,
2159,1850,
2136,1884,
2117,1916,
2097,1924,
2082,1917,
2076,1895,
2065,1867,
2067,1836,
2074,1805,
2098,1778,
2116,1773,
2129,1791,
2137,1812,
2147,1826,
2158,1839,
2158,1848,
2137,1877,
2117,1912,
2104,1927,
2087,1923,
2076,1902,
2067,1871,
2067,1836,
2075,1812,
2088,1787,
2115,1773,
2125,1783,
2141,1806,
2148,1828,
2149,1839,
2156,1840,
2142,1869,
2118,1911,
2102,1927,
2088,1926,
2075,1899,
2066,1878,
2066,1845,
2070,1815,
2088,1789,
2117,1773,
2125,1781,
2133,1799,
2145,1817,
2158,1834,
2161,1843,
2146,1867,
2119,1902,
2105,1919,
2087,1929,
2076,1909,
2066,1883,
2069,1851,
2073,1818,
2087,1794,
2108,1770,
2125,1779,
2136,1796,
2143,1821,
2152,1834,
2159,1840,
2151,1858,
2126,1901,
2105,1926,
2092,1928,
2082,1911,
2071,1886,
2067,1855,
2070,1821,
2081,1796,
2108,1772,
2122,1779,
2131,1798,
2138,1813,
2149,1830,
2155,1842,
2150,1860,
2129,1894,
2113,1918,
2096,1926,
2083,1916,
2070,1887,
2066,1857,
2070,1823,
2076,1803,
2101,1777,
2122,1776,
2132,1789,
2140,1814,
2146,1832,
2158,1839,
2156,1852,
2131,1887,
2111,1916,
2095,1922,
2079,1914,
2075,1889,
2063,1866,
2066,1832,
2079,1806,
2100,1780,
2115,1772,
2128,1790,
2138,1811,
2151,1827,
2156,1835,
2157,1847,
2136,1876,
2114,1914,
2105,1925,
2082,1924,
2072,1900,
2064,1872,
2066,1832,
2072,1810,
2095,1785,
2114,1775,
2128,1789,
2141,1809,
2146,1824,
2152,1834,
2159,1846,
2140,1872,
2118,1915,
2101,1928,
2085,1925,
2075,1899,
2065,1875,
2066,1844,
2074,1814,
2092,1789,
2114,1773,
2128,1785,
2137,1800,
2140,1820,
2155,1832,
2162,1844,
2143,1873,
2124,1907,
2106,1922,
2086,1925,
2075,1907,
2066,1878,
2070,1847,
2072,1816,
2088,1791,
2110,1769,
2124,1777,
2138,1798,
2141,1822,
2153,1835,
2161,1846,
2150,1859,
2121,1903,
2101,1927,
2091,1926,
2080,1911,
2069,1881,
2067,1851,
2068,1816,
2084,1796,
2109,1770,
2122,1779,
2133,1800,
2145,1820,
2151,1829,
2156,1843,
2150,1859,
2127,1896,
2108,1924,
2093,1924,
2079,1912,
2067,1885,
2062,1854,
2070,1824,
2079,1802,
2106,1778,
2122,1777,
2135,1792,
2140,1816,
2147,1832,
2157,1838,
2157,1851,
2133,1890,
2112,1920,
2095,1925,
2078,1914,
2072,1891,
2065,1866,
2068,1832,
2080,1801,
2104,1775,
2117,1775,
2129,1791,
2139,1809,
2150,1827,
2159,1839,
2159,1851,
2135,1882,
2110,1914,
2097,1926,
2082,1919,
2069,1899,
2066,1871,
2068,1833,
2075,1808,
2096,1782,
2119,1770,
2127,1788,
2139,1809,
2143,1826,
2154,1835,
2158,1846,
2136,1875,
2117,1915,
2099,1929,
2090,1921,
2076,1895,
2067,1874,
2066,1839,
2077,1808,
2095,1784,
2114,1771,
2126,1786,
2137,1804,
2143,1821,
2156,1834,
2159,1850,
2143,1876,
2124,1913,
2102,1924,
2089,1925,
2076,1905,
2064,1877,
2068,1842,
2073,1814,
2089,1791,
2111,1770,
2121,1781,
2136,1802,
2144,1822,
2151,1838,
2162,1843,
2152,1866,
2125,1902,
2106,1928,
2090,1920,
2078,1904,
2071,1881,
2065,1848,
2069,1819,
2087,1791,
2112,1771,
2126,1779,
2137,1802,
2147,1821,
2152,1830,
2160,1837,
2147,1862,
2123,1898,
2107,1921,
2093,1925,
2078,1910,
2069,1885,
2064,1853,
2071,1821,
2081,1798,
2108,1775,
2125,1778,
2134,1796,
2143,1815,
2147,1831,
2158,1840,
2153,1853,
2129,1891,
2108,1922,
2096,1927,
2082,1911,
2070,1887,
2065,1858,
2070,1830,
2082,1802,
2104,1776,
2121,1772,
2131,1794,
2139,1811,
2150,1827,
2163,1837,
2155,1852,
2130,1885,
2113,1913,
2095,1925,
2085,1916,
2073,1896,
2066,1864,
2071,1833,
2076,1803,
2100,1780,
2115,1772,
2131,1788,
2143,1811,
2144,1829,
2155,1839,
2158,1847,
2138,1881,
2117,1913,
2098,1931,
2086,1921,
2073,1900,
2067,1869,
2067,1840,
2074,1805,
2093,1785,
2119,1772,
2127,1788,
2138,1807,
2148,1822,
2155,1833,
2157,1848,
2139,1878,
2121,1910,
2101,1929,
2089,1919,
2077,1905,
2068,1872,
2067,1842,
2074,1814,
2092,1791,
2115,1771,
2125,1782,
2134,1801,
2143,1824,
2151,1839,
2160,1843,
2144,1868,
2118,1904,
2103,1929,
2088,1918,
2076,1904,
2070,1877,
2068,1848,
2071,1816,
2087,1790,
2112,1771,
2123,1779,
2134,1805,
2144,1820,
2153,1838,
2162,1839,
2145,1867,
2125,1898,
2105,1925,
2094,1926,
2082,1911,
2069,1884,
2066,1850,
2070,1817,
2085,1795,
2107,1776,
2123,1777,
2131,1798,
2146,1817,
2151,1835,
2157,1838,
2150,1860,
2130,1896,
2108,1922,
2092,1924,
2078,1911,
2069,1885,
2063,1857,
2068,1825,
2080,1799,
2102,1772,
2121,1771,
2131,1796,
2139,1810,
2147,1832,
2161,1836,
2154,1855,
2130,1888,
2108,1917,
2093,1922,
2081,1914,
2068,1895,
2065,1862,
2065,1825,
2078,1798,
2102,1780,
2121,1768,
2127,1791,
2144,1813,
2147,1829,
2152,1835,
2155,1850,
2132,1879,
2115,1913,
2099,1926,
2082,1919,
2072,1892,
2065,1865,
2066,1835,
2077,1803,
2096,1783,
2120,1771,
2130,1789,
2137,1806,
2144,1825,
2157,1833,
2158,1847,
2131,1881,
2116,1913,
2098,1923,
2088,1918,
2074,1900,
2066,1870,
2062,1838,
2075,1808,
2093,1790,
2112,1771,
2126,1782,
2137,1804,
2144,1825,
2149,1841,
2158,1844,
2141,1876,
2121,1905,
2102,1925,
2089,1920,
2075,1903,
2068,1874,
2065,1846,
2071,1814,
2086,1787,
2110,1769,
2121,1780,
2133,1802,
2142,1825,
2152,1831,
2163,1841,
2145,1867,
2123,1903,
2104,1925,
2091,1922,
2079,1907,
2067,1881,
2067,1851,
2069,1814,
2086,1793,
2106,1775,
2123,1780,
2133,1803,
2143,1816,
2148,1833,
2157,1841,
2146,1861,
2128,1897,
2104,1924,
2088,1925,
2079,1909,
2067,1880,
2064,1854,
2069,1823,
2081,1797,
2105,1775,
2123,1773,
2130,1796,
2138,1816,
2146,1831,
2161,1840,
2151,1858,
2127,1894,
2108,1919,
2092,1921,
2080,1913,
2068,1892,
2065,1860,
2067,1825,
2080,1797,
2102,1779,
2120,1772,
2127,1793,
2141,1810,
2148,1831,
2155,1838,
2154,1849,
2129,1887,
2112,1917,
2094,1932,
2085,1917,
2074,1894,
2066,1862,
2065,1831,
2074,1802,
2095,1778,
2121,1770,
2125,1792,
2136,1814,
2146,1825,
2152,1833,
2157,1847,
2133,1882,
2115,1916,
2097,1923,
2082,1917,
2071,1897,
2065,1868,
2064,1836,
2074,1804,
2096,1782,
2113,1772,
2129,1787,
2136,1803,
2146,1819,
2153,1839,
2158,1846,
2142,1879,
2118,1907,
2102,1928,
2085,1920,
2072,1899,
2069,1872,
2065,1842,
2072,1813,
2088,1786,
2113,1768,
2125,1783,
2135,1806,
2145,1824,
2154,1837,
2159,1840,
2145,1871,
2119,1905,
2099,1923,
2087,1921,
2075,1903,
2066,1881,
2066,1848,
2074,1813,
2087,1793,
2110,1773,
2125,1783,
2135,1803,
2144,1817,
2151,1833,
2159,1839,
2143,1863,
2124,1897,
2109,1923,
2088,1926,
2075,1908,
2068,1877,
2065,1851,
2068,1824,
2085,1794,
2109,1773,
2125,1775,
2135,1798,
2139,1817,
2147,1826,
2162,1838,
2152,1858,
2125,1898,
2110,1926,
2094,1925,
2078,1914,
2066,1887,
2065,1857,
2072,1826,
2079,1796,
2103,1777,
2115,1775,
2127,1795,
2144,1813,
2149,1828,
2158,1841,
2153,1853,
2130,1885,
2110,1918,
2092,1930,
2082,1916,
2072,1894,
2068,1861,
2069,1828,
2075,1801,
2099,1777,
2118,1771,
2134,1793,
2137,1810,
2148,1828,
2160,1836,
2156,1851,
2131,1884,
2114,1917,
2097,1928,
2083,1916,
2075,1895,
2063,1866,
2063,1833,
2076,1805,
2097,1779,
2118,1774,
2129,1790,
2140,1808,
2144,1826,
2155,1839,
2160,1847,
2140,1880,
2116,1909,
2100,1926,
2085,1921,
2070,1898,
2063,1869,
2067,1840,
2074,1813,
2096,1787,
2117,1769,
2126,1784,
2136,1808,
2145,1825,
2154,1837,
2158,1842,
2143,1872,
2118,1909,
2103,1923,
2089,1922,
2079,1904,
2066,1880,
2067,1842,
2074,1812,
2090,1786,
2110,1772,
2126,1784,
2138,1804,
2145,1819,
2154,1834,
2159,1842,
2143,1866,
2123,1901,
2105,1920,
2091,1926,
2075,1906,
2068,1878,
2065,1848,
2070,1818,
2084,1792,
2108,1772,
2123,1776,
2137,1800,
2141,1818,
2145,1832,
2156,1837,
2154,1861,
2125,1900,
2109,1927,
2092,1926,
2079,1908,
2070,1885,
2067,1855,
2069,1824,
2083,1795,
2108,1775,
2121,1777,
2128,1796,
2141,1813,
2153,1830,
2161,1844,
2154,1857,
2128,1894,
2111,1918,
2093,1927,
2081,1916,
2071,1891,
2066,1861,
2072,1827,
2079,1802,
2100,1778,
2118,1776,
2133,1793,
2141,1817,
2149,1831,
2158,1842,
2161,1851,
2129,1889,
2112,1920,
2098,1929,
2082,1914,
2074,1894,
2065,1864,
2071,1826,
2071,1804,
2103,1779,
2119,1774,
2129,1792,
2141,1808,
2147,1822,
2158,1836,
2155,1850,
2136,1883,
2117,1912,
2104,1925,
2086,1920,
2072,1895,
2064,1870,
2072,1836,
2072,1811,
2095,1784,
2116,1771,
2128,1783,
2135,1809,
2141,1827,
2155,1840,
2160,1847,
2141,1874,
2122,1910,
2100,1925,
2086,1923,
2078,1899,
2065,1877,
2067,1842,
2071,1812,
2091,1783,
2112,1773,
2125,1782,
2135,1804,
2144,1817,
2156,1833,
2161,1844,
2141,1866,
2119,1907,
2106,1925,
2088,1927,
2078,1907,
2067,1878,
2065,1841,
2070,1818,
2085,1792,
2110,1773,
2127,1780,
2135,1799,
2142,1821,
2151,1832,
2157,1839,
2150,1860,
2124,1904,
2102,1925,
2093,1926,
2080,1905,
2066,1883,
2062,1854,
2070,1821,
2087,1793,
2110,1772,
2121,1779,
2131,1797,
2144,1820,
2153,1832,
2155,1845,
2152,1860,
2129,1897,
2106,1919,
2093,1928,
2080,1916,
2070,1889,
2066,1856,
2070,1823,
2079,1801,
2106,1774,
2119,1776,
2134,1793,
2141,1817,
2148,1830,
2160,1842,
2148,1851,
2128,1892,
2113,1918,
2096,1929,
2081,1915,
2071,1891,
2067,1865,
2067,1826,
2072,1801,
2103,1776,
2118,1775,
2126,1790,
2137,1812,
2149,1827,
2154,1841,
2153,1854,
2135,1886,
2113,1912,
2098,1925,
2082,1920,
2070,1894,
2064,1866,
2070,1831,
2073,1808,
2098,1784,
2119,1772,
2129,1785,
2137,1809,
2145,1831,
2154,1840,
2160,1850,
2138,1878,
2115,1913,
2098,1925,
2083,1919,
2076,1896,
2063,1874,
2066,1840,
2072,1811,
2093,1783,
2113,1773,
2124,1789,
2137,1805,
2146,1823,
2155,1835,
2160,1847,
2139,1869,
2119,1901,
2102,1920,
2084,1926,
2075,1905,
2069,1879,
2066,1840,
2068,1816,
2086,1792,
2113,1770,
2123,1779,
2133,1803,
2142,1822,
2149,1831,
2157,1841,
2145,1862,
2120,1906,
2103,1926,
2085,1922,
2077,1903,
2068,1881,
2062,1851,
2070,1817,
2086,1794,
2112,1771,
2123,1779,
2131,1796,
2139,1817,
2153,1832,
2160,1839,
2146,1862,
2127,1902,
2107,1919,
2091,1924,
2075,1913,
2069,1884,
2065,1854,
2068,1822,
2082,1797,
2102,1772,
2118,1775,
2133,1793,
2142,1814,
2147,1831,
2157,1843,
2152,1853,
2127,1893,
2105,1924,
2095,1923,
2078,1911,
2070,1887,
2063,1859,
2065,1823,
2076,1799,
2104,1772,
2120,1775,
2129,1792,
2142,1816,
2149,1823,
2158,1838,
2152,1852,
2130,1885,
2111,1918,
2095,1923,
2086,1916,
2067,1890,
2060,1864,
2068,1827,
2078,1800,
2097,1779,
2115,1768,
2128,1788,
2139,1808,
2145,1828,
2157,1838,
2155,1850,
2137,1880,
2115,1912,
2099,1928,
2080,1918,
2072,1895,
2070,1868,
2066,1837,
2075,1808,
2095,1781,
2115,1770,
2123,1787,
2138,1808,
2147,1825,
2155,1834,
2159,1844,
2133,1874,
2113,1909,
2100,1925,
2089,1921,
2076,1904,
2068,1871,
2068,1838,
2071,1810,
2089,1789,
2112,1770,
2126,1786,
2135,1804,
2145,1822,
2152,1835,
2161,1837,
2139,1867,
2122,1905,
2101,1926,
2088,1922,
2076,1902,
2065,1876,
2064,1846,
2068,1813,
2087,1793,
2110,1770,
2123,1781,
2134,1798,
2136,1819,
2151,1831,
2160,1839,
2146,1863,
2125,1901,
2104,1919,
2089,1921,
2076,1907,
2065,1883,
2064,1851,
2069,1818,
2080,1794,
2108,1771,
2118,1776,
2130,1793,
2143,1812,
2149,1833,
2159,1839,
2146,1857,
2127,1892,
2106,1921,
2089,1925,
2078,1914,
2070,1885,
2068,1857,
2065,1823,
2077,1795,
2106,1771,
2122,1773,
2130,1796,
2139,1812,
2147,1828,
2158,1836,
2153,1856,
2127,1891,
2109,1919,
2094,1923,
2078,1914,
2070,1890,
2068,1859,
2066,1826,
2079,1801,
2102,1780,
2116,1772,
2127,1787,
2139,1808,
2147,1828,
2152,1836,
2154,1852,
2133,1883,
2113,1914,
2092,1925,
2078,1916,
2071,1895,
2066,1865,
2061,1832,
2074,1804,
2096,1780,
2116,1767,
2127,1788,
2135,1808,
2143,1825,
2154,1833,
2158,1847,
2137,1875,
2111,1911,
2098,1922,
2086,1916,
2072,1899,
2063,1870,
2064,1839,
2076,1807,
2089,1785,
2112,1771,
2123,1784,
2138,1803,
2147,1819,
2153,1835,
2159,1843,
2139,1869,
2122,1903,
2099,1928,
2085,1921,
2074,1904,
2069,1873,
2063,1846,
2070,1813,
2085,1788,
2113,1771,
2128,1782,
2133,1799,
2142,1818,
2151,1832,
2160,1840,
2142,1869,
2119,1902,
2103,1922,
2087,1916,
2075,1907,
2063,1882,
2064,1849,
2072,1816,
2086,1791,
2109,1770,
2119,1777,
2132,1798,
2145,1816,
2149,1833,
2157,1842,
2146,1863,
2127,1894,
2105,1925,
2089,1922,
2077,1911,
2070,1883,
2066,1856,
2069,1822,
2081,1793,
2102,1773,
2123,1772,
2130,1799,
2138,1816,
2145,1833,
2160,1837,
2149,1858,
2124,1895,
2105,1919,
2095,1926,
2081,1915,
2071,1888,
2062,1858,
2064,1821,
2081,1798,
2099,1779,
2119,1774,
2132,1795,
2140,1811,
2147,1828,
2154,1838,
2155,1852,
2135,1886,
2110,1916,
2094,1926,
2080,1913,
2067,1892,
2068,1860,
2065,1832,
2075,1805,
2101,1781,
2119,1772,
2127,1794,
2135,1809,
2144,1828,
2159,1837,
2156,1849,
2133,1880,
2112,1912,
2095,1924,
2082,1916,
2070,1895,
2063,1871,
2066,1839,
2073,1806,
2091,1785,
2115,1772,
2126,1786,
2137,1807,
2145,1824,
2155,1835,
2156,1841,
2138,1874,
2117,1910,
2097,1926,
2084,1923,
2072,1902,
2066,1870,
2066,1843,
2070,1811,
2090,1788,
2114,1771,
2122,1783,
2134,1803,
2143,1819,
2149,1832,
2156,1841,
2142,1872,
2121,1907,
2106,1926,
2088,1919,
2074,1904,
2065,1879,
2067,1845,
2071,1813,
2087,1789,
2111,1772,
2121,1778,
2130,1796,
2144,1818,
2147,1835,
2157,1842,
2148,1867,
2124,1895,
2102,1923,
2085,1925,
2078,1905,
2068,1878,
2066,1850,
2068,1818,
2080,1792,
2105,1769,
2120,1777,
2130,1798,
2142,1818,
2147,1835,
2159,1836,
2152,1859,
2123,1899,
2104,1918,
2093,1925,
2079,1912,
2067,1886,
2063,1854,
2066,1821,
2082,1795,
2104,1778,
2119,1777,
2131,1793,
2140,1813,
2146,1830,
2158,1837,
2150,1851,
2132,1887,
2112,1916,
2091,1925,
2078,1911,
2069,1891,
2065,1859,
2070,1830,
2077,1804,
2100,1777,
2120,1770,
2132,1792,
2137,1811,
2146,1826,
2156,1836,
2153,1848,
2131,1884,
2110,1911,
2093,1922,
2081,1914,
2071,1895,
2063,1866,
2068,1832,
2076,1804,
2097,1780,
2114,1772,
2125,1784,
2137,1810,
2145,1824,
2155,1835,
2155,1843,
2135,1875,
2115,1907,
2097,1928,
2083,1923,
2074,1899,
2065,1867,
2067,1839,
2070,1809,
2090,1781,
2113,1771,
2128,1781,
2134,1804,
2142,1821,
2152,1834,
2159,1842,
2138,1869,
2120,1909,
2105,1925,
2085,1919,
2077,1901,
2062,1875,
2060,1842,
2071,1813,
2091,1788,
2110,1771,
2123,1780,
2133,1803,
2143,1816,
2152,1836,
2161,1844,
2146,1867,
2124,1902,
2105,1927,
2089,1919,
2079,1909,
2067,1879,
2065,1848,
2069,1818,
2087,1792,
2109,1772,
2122,1776,
2133,1799,
2141,1821,
2153,1831,
2158,1839,
2149,1861,
2122,1896,
2107,1916,
2090,1924,
2081,1911,
2070,1886,
2065,1852,
2067,1822,
2080,1793,
2107,1771,
2120,1777,
2134,1796,
2142,1814,
2152,1831,
2157,1841,
2149,1855,
2124,1889,
2110,1917,
2093,1927,
2079,1915,
2069,1887,
2063,1854,
2068,1823,
2078,1800,
2104,1777,
2117,1774,
2132,1791,
2141,1815,
2143,1830,
2155,1839,
2154,1849,
2129,1888,
2109,1915,
2094,1924,
2079,1912,
2070,1892,
2066,1866,
2067,1831,
2072,1801,
2103,1780,
2116,1774,
2130,1786,
2135,1810,
2149,1826,
2153,1840,
2154,1849,
2130,1883,
2114,1910,
2095,1927,
2083,1922,
2071,1899,
2063,1866,
2067,1837,
2073,1811,
2096,1781,
2112,1770,
2129,1786,
2137,1808,
2145,1825,
2153,1835,
2157,1837,
2138,1870,
2116,1914,
2099,1924,
2087,1924,
2077,1897,
2066,1873,
2063,1836,
2069,1812,
2092,1787,
2113,1770,
2126,1781,
2132,1803,
2142,1819,
2153,1831,
2158,1848,
2142,1870,
2118,1902,
2100,1920,
2087,1927,
2076,1901,
2065,1877,
2063,1845,
2070,1817,
2085,1788,
2108,1771,
2125,1777,
2133,1800,
2139,1822,
2151,1835,
2156,1842,
2147,1858,
2121,1903,
2102,1920,
2088,1924,
2081,1907,
2069,1885,
2065,1849,
2067,1818,
2084,1791,
2106,1774,
2118,1779,
2132,1798,
2141,1816,
2152,1830,
2158,1842,
2150,1856,
2121,1896,
2110,1920,
2092,1929,
2078,1910,
2066,1885,
2065,1854,
2067,1822,
2076,1802,
2102,1776,
2124,1776,
2130,1792,
2138,1815,
2148,1824,
2154,1838,
2156,1852,
2129,1894,
2110,1919,
2090,1925,
2080,1912,
2070,1888,
2062,1863,
2069,1829,
2075,1798,
2101,1773,
2119,1771,
2126,1788,
2138,1812,
2149,1826,
2158,1837,
2156,1850,
2133,1882,
2111,1911,
2096,1924,
2078,1920,
2072,1895,
2066,1870,
2068,1830,
2073,1804,
2098,1780,
2113,1772,
2127,1785,
2135,1807,
2143,1824,
2152,1832,
2156,1842,
2133,1877,
2112,1910,
2096,1924,
2087,1920,
2074,1896,
2066,1873,
2063,1838,
2070,1809,
2095,1781,
2116,1771,
2123,1786,
2136,1802,
2145,1820,
2152,1837,
2156,1849,
2140,1873,
2120,1905,
2101,1921,
2083,1924,
2074,1900,
2063,1875,
2069,1841,
2069,1816,
2087,1787,
2112,1770,
2123,1782,
2129,1804,
2140,1824,
2152,1833,
2160,1841,
2148,1865,
2118,1903,
2104,1922,
2086,1922,
2079,1904,
2069,1881,
2067,1848,
2069,1816,
2083,1791,
2107,1772,
2120,1781,
2134,1801,
2143,1821,
2151,1828,
2155,1842,
2147,1855,
2122,1896,
2107,1918,
2088,1929,
2079,1909,
2067,1882,
2063,1848,
2068,1822,
2080,1797,
2108,1775,
2121,1778,
2132,1793,
2138,1816,
2146,1831,
2154,1839,
2154,1852,
2126,1894,
2105,1922,
2096,1928,
2081,1910,
2070,1886,
2062,1861,
2067,1826,
2077,1799,
2105,1774,
2120,1775,
2130,1792,
2134,1810,
2150,1829,
2157,1834,
2154,1854,
2131,1887,
2113,1914,
2094,1925,
2079,1920,
2069,1896,
2064,1864,
2069,1829,
2077,1805,
2100,1777,
2113,1772,
2129,1785,
2136,1813,
2146,1830,
2156,1838,
2156,1845,
2134,1880,
2114,1917,
2100,1927,
2083,1921,
2074,1896,
2065,1870,
2066,1837,
2069,1806,
2095,1781,
2114,1772,
2124,1787,
2138,1811,
2147,1823,
2155,1836,
2155,1848,
2139,1876,
2118,1911,
2101,1927,
2085,1924,
2072,1901,
2061,1871,
2066,1840,
2073,1813,
2090,1789,
2115,1773,
2126,1780,
2136,1806,
2142,1825,
2155,1835,
2160,1842,
2142,1866,
2119,1906,
2102,1926,
2084,1921,
2078,1903,
2071,1877,
2067,1849,
2069,1816,
2088,1787,
2111,1771,
2122,1780,
2135,1802,
2143,1819,
2149,1831,
2156,1840,
2144,1861,
2122,1899,
2108,1922,
2091,1928,
2079,1909,
2067,1881,
2066,1850,
2068,1820,
2082,1794,
2108,1774,
2121,1778,
2132,1797,
2141,1816,
2148,1831,
2155,1842,
2151,1854,
2129,1896,
2108,1923,
2093,1924,
2082,1910,
2068,1886,
2065,1858,
2068,1826,
2082,1802,
2105,1773,
2122,1774,
2130,1797,
2139,1813,
2151,1830,
2159,1836,
2153,1856,
2132,1892,
2113,1919,
2095,1924,
2082,1916,
2068,1889,
2066,1863,
2067,1828,
2081,1804,
2100,1778,
2117,1769,
2128,1791,
2144,1811,
2146,1831,
2157,1838,
2153,1849,
2135,1884,
2113,1919,
2096,1927,
2083,1918,
2072,1893,
2066,1869,
2064,1832,
2072,1803,
2097,1779,
2119,1770,
2128,1793,
2139,1809,
2147,1825,
2156,1834,
2156,1846,
2137,1878,
2116,1912,
2100,1924,
2088,1921,
2072,1899,
2063,1872,
2067,1837,
2075,1811,
2095,1788,
2114,1770,
2127,1782,
2137,1806,
2144,1824,
2152,1837,
2161,1849,
2140,1870,
2121,1910,
2102,1926,
2084,1922,
2077,1902,
2071,1877,
2068,1843,
2073,1813,
2091,1788,
2112,1770,
2125,1785,
2136,1802,
2144,1824,
2154,1833,
2163,1844,
2142,1868,
2123,1901,
2107,1923,
2093,1923,
2079,1911,
2068,1880,
2066,1850,
2072,1817,
2085,1794,
2108,1774,
2122,1780,
2135,1798,
2143,1821,
2149,1832,
2155,1841,
2146,1857,
2127,1897,
2108,1924,
2092,1924,
2080,1912,
2069,1882,
2064,1856,
2067,1823,
2081,1797,
2112,1774,
2123,1778,
2135,1794,
2144,1815,
2148,1831,
2157,1838,
2151,1862,
2128,1893,
2108,1920,
2097,1921,
2083,1913,
2069,1890,
2063,1861,
2071,1827,
2083,1800,
2102,1774,
2119,1770,
2132,1792,
2143,1811,
2145,1832,
2158,1838,
2159,1856,
2135,1885,
2112,1918,
2095,1926,
2079,1918,
2076,1893,
2070,1866,
2068,1831,
2073,1803,
2097,1779,
2120,1769,
2129,1795,
2138,1811,
2147,1825,
2156,1833,
2155,1851,
2134,1881,
2115,1916,
2097,1924,
2089,1920,
2074,1896,
2064,1866,
2065,1833,
2076,1809,
2093,1785,
2115,1771,
2129,1788,
2139,1805,
2146,1827,
2153,1835,
2158,1847,
2142,1874,
2122,1911,
2102,1926,
2085,1920,
2074,1898,
2070,1874,
2066,1844,
2073,1813,
2092,1788,
2115,1768,
2125,1785,
2131,1805,
2145,1823,
2158,1836,
2162,1844,
2143,1868,
2117,1903,
2102,1922,
2091,1920,
2072,1906,
2066,1881,
2066,1849,
2072,1815,
2086,1789,
2108,1771,
2122,1781,
2136,1798,
2145,1820,
2149,1834,
2157,1840,
2146,1862,
2124,1898,
2103,1928,
2089,1925,
2079,1910,
2070,1879,
2061,1853,
2071,1819,
2083,1796,
2109,1771,
2124,1777,
2135,1800,
2141,1817,
2146,1829,
2161,1838,
2146,1859,
2125,1897,
2110,1923,
2094,1926,
2079,1912,
2067,1889,
2065,1857,
2072,1824,
2082,1798,
2105,1776,
2117,1776,
2130,1794,
2143,1812,
2149,1834,
2156,1838,
2154,1852,
2130,1890,
2108,1921,
2092,1928,
2083,1914,
2073,1889,
2067,1861,
2068,1828,
2077,1800,
2101,1776,
2120,1772,
2127,1796,
2138,1813,
2148,1833,
2160,1835,
2155,1853,
2132,1886,
2113,1914,
2097,1924,
2084,1920,
2073,1895,
2065,1865,
2064,1831,
2077,1804,
2096,1784,
2117,1774,
2128,1789,
2140,1808,
2144,1828,
2154,1835,
2157,1848,
2136,1874,
2117,1912,
2098,1927,
2081,1920,
2071,1896,
2064,1869,
2065,1843,
2073,1810,
2094,1790,
2116,1770,
2124,1786,
2133,1806,
2144,1823,
2156,1836,
2159,1845,
2137,1871,
2119,1908,
2100,1923,
2088,1921,
2073,1906,
2066,1877,
2066,1844,
2073,1809,
2089,1789,
2107,1773,
2122,1781,
2138,1802,
2142,1821,
2151,1835,
2156,1838,
2142,1865,
2122,1904,
2103,1927,
2089,1926,
2077,1911,
2069,1880,
2068,1851,
2066,1821,
2081,1793,
2110,1774,
2124,1778,
2132,1802,
2140,1817,
2148,1829,
2160,1838,
2149,1863,
2124,1901,
2108,1928,
2093,1923,
2080,1912,
2069,1885,
2063,1851,
2069,1819,
2081,1796,
2105,1775,
2120,1775,
2130,1793,
2145,1812,
2151,1833,
2158,1842,
2156,1859,
2127,1892,
2110,1921,
2092,1922,
2082,1909,
2071,1887,
2065,1859,
2067,1825,
2077,1797,
2101,1772,
2116,1772,
2129,1793,
2140,1815,
2150,1833,
2160,1837,
2159,1853,
2130,1889,
2109,1914,
2096,1923,
2083,1918,
2072,1895,
2065,1865,
2066,1829,
2076,1803,
2100,1779,
2118,1773,
2130,1793,
2140,1810,
2147,1826,
2157,1835,
2158,1844,
2137,1880,
2119,1913,
2097,1928,
2080,1917,
2073,1895,
2064,1867,
2067,1838,
2075,1811,
2096,1784,
2116,1769,
2132,1788,
2136,1808,
2147,1820,
2155,1839,
2161,1847,
2137,1877,
2117,1909,
2102,1927,
2087,1920,
2075,1902,
2066,1879,
2070,1843,
2073,1814,
2092,1788,
2110,1771,
2126,1782,
2135,1804,
2150,1825,
2151,1836,
2158,1842,
2143,1870,
2121,1904,
2104,1926,
2089,1926,
2080,1905,
2064,1878,
2067,1845,
2070,1818,
2087,1787,
2112,1770,
2127,1780,
2134,1803,
2143,1820,
2151,1834,
2159,1838,
2147,1865,
2123,1906,
2106,1925,
2087,1924,
2083,1910,
2068,1883,
2067,1850,
2071,1818,
2086,1794,
2108,1775,
2123,1777,
2133,1797,
2141,1815,
2151,1832,
2158,1840,
2153,1860,
2126,1892,
2110,1921,
2090,1928,
2080,1908,
2069,1886,
2067,1856,
2068,1828,
2080,1798,
2105,1775,
2119,1770,
2132,1798,
2139,1817,
2149,1831,
2160,1836,
2155,1857,
2125,1893,
2108,1918,
2093,1925,
2083,1914,
2071,1895,
2066,1862,
2067,1828,
2079,1800,
2102,1778,
2117,1777,
2129,1793,
2138,1807,
2150,1828,
2155,1840,
2156,1846,
2131,1885,
2117,1917,
2096,1927,
2082,1920,
2072,1894,
2064,1862,
2066,1833,
2073,1808,
2100,1783,
2115,1769,
2130,1788,
2135,1810,
2148,1820,
2154,1834,
2161,1847,
2140,1880,
2119,1915,
2097,1927,
2085,1917,
2074,1900,
2066,1873,
2066,1839,
2073,1808,
2093,1787,
2115,1776,
2128,1781,
2135,1805,
2147,1824,
2157,1838,
2159,1844,
2138,1872,
2118,1905,
2100,1925,
2083,1927,
2076,1905,
2067,1874,
2068,1842,
2070,1817,
2089,1786,
2112,1772,
2129,1782,
2136,1805,
2143,1822,
2152,1835,
2162,1839,
2145,1865,
2122,1906,
2102,1927,
2092,1921,
2079,1905,
2069,1880,
2069,1845,
2071,1820,
2089,1791,
2109,1774,
2124,1777,
2131,1799,
2143,1814,
2151,1834,
2156,1843,
2149,1861,
2124,1900,
2108,1921,
2093,1924,
2077,1906,
2070,1884,
2068,1852,
2071,1824,
2080,1797,
2105,1775,
2121,1773,
2131,1796,
2136,1820,
2149,1834,
2160,1835,
2153,1854,
2127,1893,
2111,1916,
2092,1927,
2083,1911,
2071,1893,
2065,1860,
2067,1826,
2078,1797,
2100,1778,
2118,1777,
2131,1794,
2141,1813,
2149,1829,
2155,1837,
2154,1851,
2129,1885,
2114,1914,
2093,1929,
2082,1917,
2073,1895,
2063,1859,
2068,1832,
2074,1806,
2099,1781,
2120,1772,
2130,1788,
2139,1809,
2146,1825,
2155,1837,
2159,1847,
2136,1884,
2115,1913,
2098,1925,
2084,1917,
2070,1899,
2066,1869,
2069,1835,
2074,1808,
2097,1781,
2115,1770,
2126,1783,
2132,1805,
2149,1823,
2151,1840,
2159,1847,
2137,1875,
2118,1908,
2097,1929,
2086,1923,
2074,1900,
2070,1874,
2068,1841,
2070,1812,
2091,1785,
2112,1771,
2127,1781,
2135,1805,
2142,1823,
2156,1838,
2163,1842,
2141,1873,
2119,1909,
2104,1929,
2088,1921,
2079,1905,
2065,1878,
2066,1849,
2071,1814,
2092,1790,
2112,1775,
2122,1782,
2136,1804,
2142,1818,
2152,1837,
2158,1845,
2145,1863,
2129,1902,
2108,1923,
2090,1923,
2075,1908,
2068,1880,
2066,1849,
2070,1822,
2083,1797,
2109,1771,
2124,1777,
2132,1799,
2139,1821,
2150,1836,
2161,1840,
2150,1859,
2127,1895,
2107,1919,
2088,1924,
2081,1912,
2070,1893,
2066,1859,
2068,1826,
2082,1796,
2106,1776,
2119,1778,
2134,1797,
2140,1816,
2151,1832,
2157,1842,
2150,1853,
2127,1888,
2114,1916,
2093,1931,
2083,1918,
2073,1892,
2067,1858,
2067,1833,
2078,1805,
2098,1782,
2122,1773,
2129,1792,
2139,1812,
2145,1826,
2157,1839,
2156,1847,
2137,1885,
2112,1917,
2101,1930,
2084,1918,
2076,1897,
2066,1867,
2070,1832,
2078,1806,
2100,1782,
2119,1775,
2128,1786,
2138,1811,
2146,1826,
2156,1838,
2160,1850,
2140,1885,
2120,1910,
2098,1927,
2082,1925,
2075,1898,
2067,1869,
2066,1841,
2072,1812,
2090,1786,
2112,1771,
2127,1784,
2136,1807,
2146,1827,
2159,1838,
2162,1839,
2143,1876,
2118,1909,
2103,1923,
2087,1925,
2078,1902,
2066,1879,
2066,1844,
2070,1814,
2092,1788,
2114,1773,
2126,1784,
2137,1805,
2146,1824,
2154,1837,
2158,1843,
2146,1864,
2124,1905,
2104,1925,
2089,1927,
2076,1906,
2068,1878,
2068,1848,
2073,1817,
2086,1797,
2112,1774,
2124,1778,
2135,1800,
2143,1822,
2146,1832,
2158,1841,
2151,1860,
2126,1900,
2106,1922,
2090,1923,
2080,1910,
2073,1884,
2069,1858,
2070,1822,
2083,1793,
2109,1774,
2120,1778,
2130,1797,
2139,1818,
2154,1831,
2161,1841,
2149,1859,
2127,1891,
2109,1919,
2094,1926,
2083,1918,
2069,1889,
2066,1857,
2070,1824,
2076,1802,
2107,1777,
2121,1770,
2134,1793,
2139,1814,
2148,1829,
2155,1840,
2154,1850,
2130,1887,
2110,1921,
2100,1929,
2082,1914,
2076,1896,
2063,1863,
2070,1830,
2076,1806,
2101,1779,
2119,1775,
2129,1792,
2138,1808,
2147,1825,
2159,1835,
2156,1852,
2138,1884,
2115,1916,
2101,1926,
2083,1922,
2074,1897,
2064,1867,
2070,1835,
2073,1810,
2096,1782,
2116,1772,
2128,1784,
2138,1809,
2147,1829,
2157,1838,
2160,1845,
2139,1872,
2120,1913,
2105,1925,
2085,1925,
2078,1901,
2066,1875,
2065,1841,
2071,1814,
2095,1787,
2113,1774,
2126,1784,
2139,1804,
2145,1822,
2153,1832,
2158,1847,
2141,1867,
2118,1908,
2107,1924,
2088,1927,
2077,1902,
2066,1877,
2065,1844,
2071,1815,
2088,1793,
2114,1769,
2127,1780,
2136,1799,
2140,1819,
2149,1832,
2159,1843,
2150,1864,
2124,1903,
2103,1923,
2087,1924,
2079,1904,
2068,1882,
2064,1857,
2070,1820,
2085,1793,
2111,1772,
2121,1780,
2135,1799,
2141,1817,
2155,1834,
2160,1845,
2153,1860,
2125,1896,
2109,1919,
2092,1925,
2079,1918,
2070,1888,
2068,1856,
2071,1823,
2080,1803,
2107,1773,
2120,1775,
2135,1795,
2143,1816,
2152,1832,
2157,1839,
2152,1849,
2131,1889,
2115,1921,
2095,1926,
2081,1914,
2076,1891,
2065,1865,
2068,1828,
2076,1803,
2105,1778,
2121,1775,
2128,1790,
2138,1811,
2147,1823,
2155,1839,
2152,1854,
2133,1886,
2114,1913,
2098,1924,
2083,1922,
2073,1896,
2064,1868,
2068,1833,
2078,1809,
2101,1784,
2116,1774,
2130,1787,
2140,1808,
2147,1829,
2156,1838,
2162,1850,
2141,1876,
2116,1915,
2099,1924,
2084,1920,
2075,1897,
2062,1870,
2067,1839,
2070,1812,
2093,1784,
2115,1772,
2122,1789,
2137,1807,
2147,1825,
2160,1837,
2159,1846,
2142,1869,
2116,1906,
2104,1924,
2086,1925,
2075,1904,
2067,1874,
2068,1841,
2069,1817,
2085,1791,
2112,1772,
2124,1778,
2135,1801,
2143,1821,
2155,1831,
2161,1845,
2150,1864,
2122,1908,
2104,1925,
2088,1923,
2077,1904,
2066,1883,
2062,1852,
2070,1820,
2087,1797,
2112,1772,
2125,1780,
2135,1799,
2142,1818,
2155,1834,
2160,1845,
2148,1863,
2126,1901,
2107,1919,
2092,1929,
2076,1916,
2071,1887,
2069,1855,
2069,1822,
2083,1799,
2107,1775,
2121,1773,
2138,1795,
2141,1816,
2149,1832,
2158,1839,
2153,1854,
2130,1891,
2105,1924,
2097,1928,
2080,1916,
2075,1888,
2067,1862,
2071,1825,
2079,1803,
2107,1776,
2122,1779,
2132,1797,
2143,1813,
2148,1829,
2156,1841,
2158,1854,
2131,1891,
2112,1916,
2097,1926,
2086,1918,
2074,1894,
2063,1864,
2071,1829,
2077,1808,
2100,1783,
2119,1772,
2128,1786,
2136,1813,
2144,1830,
2156,1842,
2159,1848,
2136,1881,
2116,1915,
2099,1925,
2085,1918,
2075,1894,
2065,1872,
2065,1839,
2075,1806,
2097,1782,
2115,1775,
2126,1792,
2138,1809,
2148,1828,
2157,1837,
2159,1848,
2135,1876,
2117,1911,
2102,1924,
2086,1923,
2077,1905,
2065,1875,
2066,1841,
2070,1815,
2090,1789,
2114,1774,
2127,1785,
2138,1807,
2143,1820,
2153,1834,
2157,1845,
2146,1867,
2122,1911,
2103,1927,
2091,1925,
2078,1904,
2067,1880,
2063,1851,
2074,1817,
2088,1792,
2112,1771,
2126,1780,
2134,1800,
2142,1820,
2156,1832,
2162,1847,
2149,1869,
2124,1904,
2109,1920,
2091,1928,
2080,1909,
2070,1882,
2065,1850,
2072,1823,
2082,1796,
2106,1772,
2119,1777,
2135,1795,
2146,1819,
2149,1834,
2161,1842,
2150,1858,
2127,1898,
2107,1924,
2093,1928,
2083,1913,
2071,1886,
2067,1859,
2068,1824,
2080,1798,
2106,1774,
2124,1777,
2133,1798,
2142,1816,
2150,1828,
2160,1842,
2152,1859,
2129,1892,
2113,1917,
2093,1926,
2085,1918,
2069,1892,
2063,1863,
2071,1827,
2080,1804,
2102,1781,
2123,1776,
2134,1791,
2138,1812,
2148,1830,
2159,1836,
2157,1847,
2135,1883,
2114,1916,
2095,1926,
2082,1917,
2072,1893,
2067,1867,
2067,1835,
2078,1806,
2100,1780,
2117,1772,
2126,1788,
2140,1806,
2148,1826,
2158,1834,
2159,1851,
2136,1878,
2117,1914,
2103,1926,
2089,1921,
2073,1904,
2069,1875,
2066,1840,
2073,1810,
2096,1787,
2117,1768,
2126,1783,
2141,1805,
2145,1825,
2154,1835,
2159,1843,
2142,1868,
2120,1911,
2103,1930,
2087,1924,
2077,1904,
2071,1877,
2066,1844,
2071,1815,
2091,1788,
2116,1772,
2126,1784,
2131,1803,
2141,1821,
2153,1834,
2158,1841,
2147,1873,
2127,1906,
2106,1926,
2089,1923,
2075,1909,
2071,1881,
2068,1851,
2072,1821,
2087,1796,
2109,1774,
2122,1780,
2134,1796,
2143,1822,
2151,1836,
2162,1841,
2150,1861,
2126,1897,
2104,1926,
2091,1925,
2081,1911,
2073,1887,
2065,1855,
2069,1821,
2082,1797,
2106,1771,
2122,1774,
2131,1800,
2143,1816,
2149,1831,
2161,1839,
2151,1857,
2128,1892,
2108,1923,
2096,1926,
2081,1919,
2070,1887,
2065,1860,
2070,1826,
2078,1801,
2105,1781,
2123,1775,
